{
  "final_norm.scale": [
    5.555526256561279,
    4.501617908477783,
    4.585658550262451,
    4.338260173797607,
    5.28206729888916,
    4.198925018310547,
    5.022496700286865,
    3.4689266681671143,
    5.1110520362854,
    5.076463222503662,
    3.579756736755371,
    4.835687637329102
  ],
  "final_norm.shift": [
    0.800133466720581,
    0.21633882820606232,
    0.575014054775238,
    0.7332234978675842,
    0.4663512110710144,
    -0.5003378987312317,
    -0.14447614550590515,
    0.4368610382080078,
    0.308930903673172,
    -0.15676628053188324,
    0.3846801817417145,
    -0.4160998463630676
  ]
}