{
  "final_norm.scale": [
    4.612135410308838,
    4.798470497131348,
    5.299526214599609,
    4.770756244659424,
    5.141176223754883,
    4.726284980773926,
    4.155307292938232,
    4.4063615798950195,
    4.40668249130249,
    4.6241936683654785,
    4.475488185882568,
    4.420657157897949
  ],
  "final_norm.shift": [
    -0.41094133257865906,
    0.09263221174478531,
    -0.07924314588308334,
    -0.4758766293525696,
    -0.2947962284088135,
    0.03981175273656845,
    -0.5257356762886047,
    -0.8387933373451233,
    -0.8068056106567383,
    0.6210364699363708,
    0.6722840666770935,
    -0.26552724838256836
  ]
}