{
  "final_norm.scale": [
    2.7446796894073486,
    2.7308850288391113,
    2.6774072647094727,
    2.4888148307800293,
    2.550963878631592,
    1.9795281887054443,
    2.6261706352233887,
    2.635206460952759,
    2.5473687648773193,
    2.723129987716675,
    2.443702459335327,
    2.4342758655548096,
    2.34993052482605,
    2.1055335998535156,
    1.0298616886138916,
    2.132589101791382,
    2.444518566131592,
    2.1254005432128906,
    2.352147340774536,
    2.667069435119629,
    2.6244020462036133,
    2.3209264278411865,
    2.614718198776245,
    2.779052495956421
  ],
  "final_norm.shift": [
    -0.3629121482372284,
    -0.44611844420433044,
    0.24872544407844543,
    -0.18155695497989655,
    -0.4801079332828522,
    -0.29346951842308044,
    -0.03147396445274353,
    0.21770377457141876,
    0.38680320978164673,
    -0.5209456086158752,
    0.4478149712085724,
    0.2778771221637726,
    -0.7336698174476624,
    -0.1581774353981018,
    0.5648106336593628,
    -0.008291290141642094,
    -0.04803485795855522,
    -0.6042883992195129,
    -0.6734549403190613,
    -0.13087736070156097,
    0.24956485629081726,
    0.08258644491434097,
    0.428864061832428,
    -0.041884083300828934
  ]
}