{
  "final_norm.scale": [
    2.402327537536621,
    2.250521421432495,
    2.144897937774658,
    2.261422634124756,
    2.730332374572754,
    2.438901424407959,
    1.645129680633545,
    2.117933750152588,
    2.135126829147339,
    2.3776707649230957,
    2.372769594192505,
    1.8523898124694824,
    1.3795063495635986,
    2.055405378341675,
    2.0193278789520264,
    2.283604383468628,
    1.8368887901306152,
    1.3346977233886719,
    2.1930925846099854,
    1.1798614263534546,
    2.1103456020355225,
    1.5469253063201904,
    2.214820384979248,
    2.268005609512329
  ],
  "final_norm.shift": [
    0.28787270188331604,
    0.001046548131853342,
    -0.28592097759246826,
    0.3123628795146942,
    0.24899166822433472,
    -0.041365090757608414,
    0.3671828508377075,
    -0.04652891308069229,
    -0.15210817754268646,
    0.03579511120915413,
    0.3692309558391571,
    0.12266039103269577,
    -0.0494779609143734,
    -0.14517267048358917,
    0.2804999351501465,
    0.6622312664985657,
    -0.034728143364191055,
    -1.1522789001464844,
    0.10824345797300339,
    -0.9223034381866455,
    -0.09258747100830078,
    0.21107912063598633,
    0.21164342761039734,
    -0.284281462430954
  ]
}