{
  "final_norm.scale": [
    4.7923583984375,
    4.788480281829834,
    4.974806308746338,
    4.398625373840332,
    4.2359819412231445,
    4.827198028564453,
    4.523324489593506,
    4.152347087860107,
    3.990861415863037,
    5.106705188751221,
    4.16922664642334,
    5.084755897521973
  ],
  "final_norm.shift": [
    1.290131688117981,
    0.5031112432479858,
    -0.06868636608123779,
    -1.300550937652588,
    -0.10857193917036057,
    -1.0647014379501343,
    0.8236794471740723,
    -1.1251816749572754,
    -1.053786277770996,
    0.03465905413031578,
    -1.0756059885025024,
    0.30973172187805176
  ]
}