{
  "final_norm.scale": [
    2.667874813079834,
    2.616598606109619,
    2.477720260620117,
    2.0354795455932617,
    2.3973312377929688,
    2.69185209274292,
    0.5142518281936646,
    2.5846893787384033,
    2.0967180728912354,
    1.6019364595413208,
    2.120518922805786,
    2.7101197242736816,
    2.3844261169433594,
    2.446237325668335,
    2.1512327194213867,
    2.5656328201293945,
    2.596590757369995,
    2.452674150466919,
    1.669908881187439,
    1.5183407068252563,
    1.922156572341919,
    2.2032036781311035,
    2.4153380393981934,
    2.3502323627471924
  ],
  "final_norm.shift": [
    -0.15587346255779266,
    -0.15575693547725677,
    0.13136988878250122,
    0.49843382835388184,
    0.49078288674354553,
    0.21498318016529083,
    -0.5544348955154419,
    -0.11532586812973022,
    0.2740224599838257,
    0.46521225571632385,
    -0.1237570270895958,
    0.21089313924312592,
    0.1380477249622345,
    -0.2366604506969452,
    0.4500017464160919,
    -0.16853278875350952,
    0.03551340475678444,
    0.15621937811374664,
    0.11017508804798126,
    -0.09216859936714172,
    -0.11357171833515167,
    0.19773875176906586,
    0.5791038274765015,
    -0.2349257916212082
  ]
}