{
  "final_norm.scale": [
    2.211103916168213,
    1.3831359148025513,
    1.4608365297317505,
    1.9969277381896973,
    2.427694797515869,
    2.5842278003692627,
    2.5558671951293945,
    2.6398446559906006,
    2.3771326541900635,
    2.411883592605591,
    2.364448308944702,
    2.544546604156494,
    1.8950368165969849,
    2.8324360847473145,
    1.2654036283493042,
    2.648268222808838,
    2.002535581588745,
    2.593062162399292,
    2.3295633792877197,
    2.1508960723876953,
    2.4615843296051025,
    2.111449956893921,
    2.2272984981536865,
    2.6212172508239746
  ],
  "final_norm.shift": [
    -0.2554951012134552,
    -0.21738415956497192,
    0.9622482061386108,
    -0.23743294179439545,
    0.18019233644008636,
    0.31693851947784424,
    -0.22869957983493805,
    0.18490232527256012,
    0.26407182216644287,
    0.21063800156116486,
    0.037815775722265244,
    -0.27962377667427063,
    -0.45344942808151245,
    -0.10332062840461731,
    0.34951525926589966,
    0.4722639322280884,
    0.47530433535575867,
    -0.3626774251461029,
    0.5538511872291565,
    -0.7260991930961609,
    -0.0036965906620025635,
    0.847358226776123,
    -0.08759575337171555,
    -0.21119941771030426
  ]
}