{
  "final_norm.scale": [
    1.4153865575790405,
    2.510601758956909,
    2.3357937335968018,
    1.8885372877120972,
    1.8569391965866089,
    2.297433853149414,
    2.16330885887146,
    2.534423828125,
    2.4495091438293457,
    2.6079204082489014,
    2.3982856273651123,
    0.8103979825973511,
    2.3031134605407715,
    2.194718837738037,
    2.4502058029174805,
    2.3512706756591797,
    2.2432265281677246,
    2.571936845779419,
    2.2504029273986816,
    2.4348535537719727,
    2.2103521823883057,
    2.2809460163116455,
    2.2101316452026367,
    2.1399686336517334
  ],
  "final_norm.shift": [
    0.3792557418346405,
    0.14311812818050385,
    -0.23789848387241364,
    0.44998201727867126,
    0.6075515747070312,
    -0.4366450607776642,
    0.33489954471588135,
    -0.06291475147008896,
    0.3858581483364105,
    0.682023823261261,
    -0.19657282531261444,
    0.6688148975372314,
    -0.2266056388616562,
    0.4947894215583801,
    0.26850539445877075,
    -0.4971064329147339,
    0.09907092899084091,
    0.4407464265823364,
    0.40630656480789185,
    0.04610350728034973,
    0.31900063157081604,
    0.05998367816209793,
    -0.04439833015203476,
    -0.28342747688293457
  ]
}