{
  "final_norm.scale": [
    2.870525598526001,
    2.81669020652771,
    2.0606133937835693,
    2.308583974838257,
    2.508232831954956,
    2.8229851722717285,
    2.6296262741088867,
    2.164769411087036,
    2.665091037750244,
    2.761669397354126,
    3.1718637943267822,
    2.2963459491729736,
    2.5575246810913086,
    2.938814878463745,
    3.2355785369873047,
    2.9043760299682617,
    3.015056848526001,
    2.9218714237213135,
    2.393080949783325,
    2.4514405727386475,
    2.6773269176483154,
    3.1492340564727783,
    2.3857600688934326,
    2.982736587524414
  ],
  "final_norm.shift": [
    -0.4376184642314911,
    0.16589780151844025,
    0.36702051758766174,
    0.18255206942558289,
    0.4443274736404419,
    0.23871563374996185,
    0.5000383257865906,
    0.4036378562450409,
    0.05805070325732231,
    -0.21903850138187408,
    0.416118323802948,
    -0.09968432039022446,
    0.588864803314209,
    -0.49931609630584717,
    -0.11934314668178558,
    0.44801244139671326,
    -0.2245827168226242,
    -0.049306876957416534,
    -0.28046929836273193,
    0.2697733938694,
    0.44559627771377563,
    -0.32519495487213135,
    -0.6791054606437683,
    -0.022666962817311287
  ]
}