{
  "final_norm.scale": [
    4.56294059753418,
    3.8024847507476807,
    3.8066112995147705,
    4.157868385314941,
    3.3849809169769287,
    1.952088475227356,
    3.5240187644958496,
    4.023029327392578,
    5.223621368408203,
    4.883423805236816,
    4.011106014251709,
    4.186725616455078
  ],
  "final_norm.shift": [
    -0.2780047059059143,
    0.20222613215446472,
    -0.9033488035202026,
    -0.34943994879722595,
    -1.0758785009384155,
    0.13183686137199402,
    -0.4079427719116211,
    0.2539101541042328,
    -0.375694215297699,
    -0.29850050806999207,
    -0.7205778956413269,
    -0.8069451451301575
  ]
}