{
  "final_norm.scale": [
    2.4579217433929443,
    2.514516830444336,
    1.6290618181228638,
    2.5754518508911133,
    2.7467281818389893,
    2.0317516326904297,
    2.9931159019470215,
    2.2236714363098145,
    2.01401948928833,
    2.8184378147125244,
    2.695740222930908,
    2.2155377864837646,
    2.0491225719451904,
    2.2584803104400635,
    2.536341428756714,
    2.7406156063079834,
    2.6330032348632812,
    2.561103105545044,
    2.9564170837402344,
    2.494509696960449,
    2.4849183559417725,
    2.910393238067627,
    2.6260902881622314,
    2.4911539554595947
  ],
  "final_norm.shift": [
    -0.11764613538980484,
    -0.09786795824766159,
    -0.409191370010376,
    0.5011683106422424,
    -0.07870358228683472,
    1.1701135635375977,
    -0.3001669943332672,
    0.07947233319282532,
    -0.3343082070350647,
    0.4480438828468323,
    0.5438219308853149,
    -0.1373758316040039,
    0.2247677892446518,
    -0.08254561573266983,
    -0.05342826619744301,
    0.27265164256095886,
    0.18436355888843536,
    -0.12101268023252487,
    -0.21116043627262115,
    -0.03650159761309624,
    -0.22612528502941132,
    -0.20914939045906067,
    0.04446578398346901,
    0.3259294033050537
  ]
}