{
  "final_norm.scale": [
    2.0331337451934814,
    2.8058230876922607,
    2.4252023696899414,
    2.666753053665161,
    2.612344741821289,
    2.378082275390625,
    1.6644864082336426,
    2.71667218208313,
    1.9966834783554077,
    2.547530174255371,
    1.9813141822814941,
    2.332554340362549,
    2.854309320449829,
    1.72481107711792,
    2.2327189445495605,
    2.843222141265869,
    2.0776638984680176,
    2.959439277648926,
    2.856637954711914,
    2.6428017616271973,
    2.7309741973876953,
    3.000101327896118,
    2.8776755332946777,
    2.8388466835021973
  ],
  "final_norm.shift": [
    0.48628905415534973,
    -0.3406907021999359,
    0.09364522248506546,
    0.20022304356098175,
    -0.1354486495256424,
    -0.1641785204410553,
    -0.08590508252382278,
    0.3121974766254425,
    0.6176780462265015,
    -0.10876251757144928,
    -0.031505584716796875,
    0.3567430377006531,
    0.2013351023197174,
    -0.2979903221130371,
    0.11978127062320709,
    0.070278100669384,
    0.07279790192842484,
    -0.257843554019928,
    0.33231914043426514,
    -0.42772889137268066,
    -0.20054534077644348,
    -0.011179959401488304,
    -0.4315066337585449,
    -0.4410586953163147
  ]
}