{
  "final_norm.scale": [
    4.552341461181641,
    3.51248836517334,
    4.797399044036865,
    3.9746768474578857,
    3.86549711227417,
    4.522716522216797,
    4.39808988571167,
    3.856847047805786,
    3.9072768688201904,
    4.176395893096924,
    3.871783494949341,
    3.0828096866607666
  ],
  "final_norm.shift": [
    0.5737814903259277,
    0.26571306586265564,
    0.45394957065582275,
    0.40175795555114746,
    1.0558733940124512,
    -0.1453462690114975,
    0.33889850974082947,
    0.7734286189079285,
    0.8994454741477966,
    -0.12082169204950333,
    -0.4607542157173157,
    0.6449422240257263
  ]
}