{
  "final_norm.scale": [
    4.010967254638672,
    4.607873916625977,
    3.5471367835998535,
    2.729743242263794,
    3.670177698135376,
    3.558513641357422,
    4.659801006317139,
    4.095742225646973,
    5.203495502471924,
    3.9430601596832275,
    4.143462657928467,
    4.266792297363281
  ],
  "final_norm.shift": [
    0.3201028108596802,
    0.2800697088241577,
    0.36820900440216064,
    0.6843469142913818,
    -0.6113143563270569,
    0.580356240272522,
    -0.6192161440849304,
    0.03667769581079483,
    0.1838395595550537,
    -0.8026160597801208,
    -0.8832225799560547,
    -0.29506221413612366
  ]
}