{
  "final_norm.scale": [
    1.4322935342788696,
    2.0427463054656982,
    1.9276610612869263,
    0.7799567580223083,
    1.7136157751083374,
    1.9956815242767334,
    1.8250453472137451,
    2.29004168510437,
    2.1216325759887695,
    1.0536630153656006,
    2.2548580169677734,
    1.5982915163040161,
    2.069709062576294,
    1.8428316116333008,
    1.6035598516464233,
    2.039715051651001,
    1.8224477767944336,
    1.1124002933502197,
    2.2770326137542725,
    1.942378044128418,
    1.9694701433181763,
    2.06118106842041,
    1.951410174369812,
    1.8558951616287231
  ],
  "final_norm.shift": [
    0.2934126853942871,
    0.21858596801757812,
    0.4307331442832947,
    0.2811427116394043,
    0.30878400802612305,
    -0.17796064913272858,
    0.19139431416988373,
    -0.5003199577331543,
    0.3157585561275482,
    -0.10120490193367004,
    0.29731303453445435,
    0.1537887006998062,
    -0.2533842921257019,
    0.3493700921535492,
    0.031199809163808823,
    -0.12004048377275467,
    -0.019261591136455536,
    -0.5179609060287476,
    -0.18131113052368164,
    -0.09058934450149536,
    0.01507484633475542,
    0.14746691286563873,
    0.5062233805656433,
    -0.013672121800482273
  ]
}