{
  "final_norm.scale": [
    2.278140068054199,
    2.3189098834991455,
    2.3443405628204346,
    2.296961545944214,
    2.0920424461364746,
    2.4631428718566895,
    1.0506659746170044,
    2.4164326190948486,
    2.54256010055542,
    2.3006210327148438,
    2.3194468021392822,
    2.434687852859497,
    2.287653684616089,
    1.1766315698623657,
    0.899758517742157,
    1.514294981956482,
    1.859015703201294,
    2.434509038925171,
    2.296253204345703,
    1.697081446647644,
    1.9562792778015137,
    2.3981778621673584,
    2.5708463191986084,
    2.5171115398406982
  ],
  "final_norm.shift": [
    0.23750072717666626,
    -0.4116138517856598,
    -0.11852402240037918,
    0.6266592741012573,
    -0.36382603645324707,
    0.18760055303573608,
    0.010528717190027237,
    0.21670225262641907,
    -0.2524184584617615,
    -0.1242392286658287,
    -0.00227058632299304,
    -0.3179028332233429,
    0.2651745676994324,
    0.18664909899234772,
    -0.8836320638656616,
    0.035255592316389084,
    0.2815593183040619,
    -0.1444016695022583,
    0.26107460260391235,
    -0.00698944041505456,
    0.044432613998651505,
    -0.2598009407520294,
    -0.17554764449596405,
    0.060738272964954376
  ]
}