{
  "final_norm.scale": [
    1.742577314376831,
    1.1586804389953613,
    1.9454231262207031,
    2.5526793003082275,
    2.5863406658172607,
    2.664578914642334,
    2.4954800605773926,
    2.2324647903442383,
    2.573094129562378,
    2.8496668338775635,
    2.5776400566101074,
    2.725281238555908,
    2.6845622062683105,
    2.5137650966644287,
    2.420868396759033,
    2.1315412521362305,
    2.708303451538086,
    2.7643485069274902,
    2.2269484996795654,
    2.5726263523101807,
    2.396836996078491,
    2.4818572998046875,
    2.5067813396453857,
    1.9570361375808716
  ],
  "final_norm.shift": [
    -0.04660859331488609,
    -0.13494135439395905,
    -0.20843002200126648,
    0.40073949098587036,
    0.15308570861816406,
    -0.16271914541721344,
    -0.305014431476593,
    0.8889820575714111,
    0.1768745630979538,
    0.23696184158325195,
    -0.1907120943069458,
    0.5632432103157043,
    0.28348252177238464,
    0.08794175833463669,
    0.48146262764930725,
    0.2733071744441986,
    0.10892213135957718,
    -0.5329450964927673,
    -0.33758413791656494,
    0.2961350679397583,
    -0.21325567364692688,
    -0.43841636180877686,
    -0.1765579730272293,
    -0.05771535262465477
  ]
}