{
  "final_norm.scale": [
    4.527921199798584,
    4.7011799812316895,
    5.216677665710449,
    4.583932876586914,
    4.974224090576172,
    5.1165900230407715,
    4.493968963623047,
    3.956845760345459,
    4.526575088500977,
    4.418517112731934,
    4.098472595214844,
    4.774033546447754
  ],
  "final_norm.shift": [
    -0.15843164920806885,
    0.5299533605575562,
    -0.13130146265029907,
    -0.03376097232103348,
    -0.6239171028137207,
    0.5260953903198242,
    -0.7135579586029053,
    0.10756800323724747,
    -0.5857973694801331,
    0.3385186493396759,
    0.49208030104637146,
    0.023980842903256416
  ]
}