{
  "final_norm.scale": [
    2.228459596633911,
    1.9432121515274048,
    2.3052961826324463,
    2.078868865966797,
    2.2445757389068604,
    2.5845110416412354,
    2.0173943042755127,
    2.116375207901001,
    1.7102000713348389,
    1.9711287021636963,
    2.1890153884887695,
    2.0548601150512695,
    2.381953239440918,
    0.9474074840545654,
    2.0176470279693604,
    1.6076180934906006,
    1.6549166440963745,
    0.7730316519737244,
    2.1471195220947266,
    2.275995969772339,
    1.9137904644012451,
    2.2243902683258057,
    2.047926187515259,
    2.234426975250244
  ],
  "final_norm.shift": [
    0.0006321945693343878,
    -0.022431356832385063,
    0.4029218852519989,
    0.08829070627689362,
    0.04282958805561066,
    -0.5825055241584778,
    0.4847128391265869,
    0.47900113463401794,
    0.08261717110872269,
    0.32932132482528687,
    0.2800236642360687,
    0.17860135436058044,
    0.11272197961807251,
    0.2647351026535034,
    0.4473192095756531,
    0.05950953811407089,
    -0.09583842009305954,
    0.5671971440315247,
    -0.30454933643341064,
    0.10506623983383179,
    0.24495744705200195,
    0.6130191087722778,
    -0.2957422733306885,
    0.387185275554657
  ]
}