{
  "final_norm.scale": [
    2.9640696048736572,
    3.1134965419769287,
    3.084460973739624,
    3.033846139907837,
    2.4085257053375244,
    2.5563371181488037,
    2.9414451122283936,
    2.8855204582214355,
    2.666621446609497,
    2.864293336868286,
    2.9668593406677246,
    3.0548038482666016,
    2.918186902999878,
    2.7268850803375244,
    2.7277348041534424,
    2.5452067852020264,
    2.20942759513855,
    2.6800460815429688,
    2.776087999343872,
    2.639474630355835,
    3.093242883682251,
    2.828630208969116,
    2.6392061710357666,
    2.638824224472046
  ],
  "final_norm.shift": [
    0.18489785492420197,
    -0.38844215869903564,
    -0.03740212321281433,
    -0.7854446768760681,
    0.3673470616340637,
    0.534504771232605,
    0.09189894050359726,
    -0.519774854183197,
    0.1938004195690155,
    -0.41433945298194885,
    -0.1722244769334793,
    -0.5905956029891968,
    0.23654241859912872,
    -0.26392391324043274,
    0.36766692996025085,
    0.43349775671958923,
    0.5985352396965027,
    0.3231565058231354,
    0.3196088969707489,
    -0.42915329337120056,
    -0.20025604963302612,
    0.04176981747150421,
    -0.3063350319862366,
    -0.227679044008255
  ]
}