{
  "final_norm.scale": [
    4.69568395614624,
    3.829606056213379,
    4.408360004425049,
    4.608744144439697,
    4.284708499908447,
    3.6990861892700195,
    4.562503337860107,
    3.500945806503296,
    3.777712345123291,
    3.9846689701080322,
    4.3573198318481445,
    4.056484699249268
  ],
  "final_norm.shift": [
    -0.8925763964653015,
    -0.37103986740112305,
    0.6092583537101746,
    0.770489513874054,
    -0.6053301692008972,
    -0.7308985590934753,
    0.26757246255874634,
    -0.22231586277484894,
    -0.981499433517456,
    -0.6993776559829712,
    -0.5816946029663086,
    -0.014967329800128937
  ]
}