{
  "final_norm.scale": [
    2.9503748416900635,
    2.2982094287872314,
    2.7517545223236084,
    2.8566319942474365,
    2.4038846492767334,
    2.648332118988037,
    2.7867648601531982,
    2.4961605072021484,
    2.0670366287231445,
    2.5218029022216797,
    2.8549487590789795,
    2.3614871501922607,
    2.798849105834961,
    2.6980910301208496,
    2.315934896469116,
    2.401806354522705,
    2.98417067527771,
    2.8867974281311035,
    2.6858785152435303,
    2.8728930950164795,
    2.4586355686187744,
    2.8756330013275146,
    2.7242980003356934,
    2.822944164276123
  ],
  "final_norm.shift": [
    -0.32259589433670044,
    0.03277214244008064,
    0.21129468083381653,
    0.11556471884250641,
    0.2383245974779129,
    -0.055747199803590775,
    -0.11119243502616882,
    -0.4002537727355957,
    -0.15482327342033386,
    -0.48284968733787537,
    0.23414269089698792,
    0.4888157546520233,
    0.20725089311599731,
    -0.32186460494995117,
    0.07473891973495483,
    -0.3424605131149292,
    0.09875700622797012,
    -0.08337534964084625,
    0.3690072000026703,
    0.10968122631311417,
    -0.07740793377161026,
    0.14981061220169067,
    0.2931648790836334,
    -0.4291348159313202
  ]
}