{
  "final_norm.scale": [
    2.7437143325805664,
    2.464162826538086,
    2.6827030181884766,
    2.5909698009490967,
    2.304064989089966,
    2.9367330074310303,
    2.65875244140625,
    0.8146088719367981,
    2.7030029296875,
    2.4363009929656982,
    2.627695322036743,
    2.774249315261841,
    3.093317747116089,
    2.5461528301239014,
    2.35494327545166,
    2.9790942668914795,
    2.6469886302948,
    2.675429582595825,
    2.314906597137451,
    1.6329545974731445,
    2.420591354370117,
    2.6415460109710693,
    2.746155023574829,
    2.6774089336395264
  ],
  "final_norm.shift": [
    -0.0004608498711604625,
    0.5469149947166443,
    0.1784391701221466,
    -0.43268048763275146,
    -0.07070863991975784,
    -0.4345996379852295,
    0.284085214138031,
    0.08421952277421951,
    0.24804389476776123,
    0.5020644664764404,
    0.09795819967985153,
    0.11304138600826263,
    -0.03832664340734482,
    0.34345561265945435,
    0.20803707838058472,
    -0.05236497521400452,
    0.215351402759552,
    -0.11956033855676651,
    -0.055550798773765564,
    -0.11618449538946152,
    -0.011914467439055443,
    -0.27823588252067566,
    0.4641118347644806,
    0.3591823875904083
  ]
}