{
  "final_norm.scale": [
    4.265319347381592,
    4.524016857147217,
    4.620480060577393,
    4.391331672668457,
    5.035858631134033,
    4.444653034210205,
    4.6362080574035645,
    4.55725622177124,
    4.035945892333984,
    4.846240997314453,
    4.569201469421387,
    4.451785564422607
  ],
  "final_norm.shift": [
    0.3579276502132416,
    -0.10667646676301956,
    0.23858748376369476,
    0.3849889934062958,
    0.06268962472677231,
    0.6040320992469788,
    0.5032880902290344,
    0.3614756166934967,
    -0.6096696257591248,
    -0.6798853874206543,
    -0.17140820622444153,
    0.5308277010917664
  ]
}