{
  "final_norm.scale": [
    2.040774345397949,
    2.4130067825317383,
    2.214550018310547,
    2.465184211730957,
    2.4452171325683594,
    2.1881492137908936,
    2.2560818195343018,
    2.4809257984161377,
    2.4101402759552,
    2.352613925933838,
    1.0757484436035156,
    1.894382357597351,
    1.8435990810394287,
    2.1442973613739014,
    1.1516181230545044,
    1.9458900690078735,
    1.9535056352615356,
    2.516757011413574,
    2.290557384490967,
    1.704801082611084,
    2.070927143096924,
    2.574803113937378,
    1.917973279953003,
    0.9416374564170837
  ],
  "final_norm.shift": [
    -0.6765257120132446,
    -0.033202920109033585,
    0.011665722355246544,
    0.09580646455287933,
    -0.06869765371084213,
    -0.42015644907951355,
    -0.3518456220626831,
    0.016705648973584175,
    -0.043938763439655304,
    -0.15248414874076843,
    -0.8835689425468445,
    -0.12821753323078156,
    -0.29986274242401123,
    0.4149128794670105,
    0.36227431893348694,
    0.40094462037086487,
    -0.5052708983421326,
    -0.3380378484725952,
    0.23624587059020996,
    0.02473319321870804,
    -0.29311272501945496,
    0.3980579376220703,
    0.5086048245429993,
    0.150778666138649
  ]
}