{
  "final_norm.scale": [
    1.9334969520568848,
    2.5214524269104004,
    2.6265342235565186,
    2.669341802597046,
    2.1536061763763428,
    2.8865244388580322,
    2.5660436153411865,
    2.9469196796417236,
    2.6279349327087402,
    2.3163115978240967,
    2.9188132286071777,
    2.8511953353881836,
    2.548844814300537,
    2.477566719055176,
    1.62962007522583,
    2.489114761352539,
    2.350970983505249,
    2.540266513824463,
    2.398360252380371,
    2.2037713527679443,
    2.3753175735473633,
    2.4758903980255127,
    2.6536917686462402,
    2.5358548164367676
  ],
  "final_norm.shift": [
    -0.7221448421478271,
    0.09683941304683685,
    0.19034869968891144,
    0.04807123914361,
    -0.061045315116643906,
    -0.2043025642633438,
    -0.03728976100683212,
    -0.49521753191947937,
    0.48316317796707153,
    0.5391673445701599,
    -0.2711210548877716,
    -0.676390528678894,
    0.1790360063314438,
    -0.43188151717185974,
    0.35417500138282776,
    -0.03232699632644653,
    -0.21892191469669342,
    -0.06509553641080856,
    0.5939906239509583,
    -0.945671558380127,
    0.0010621016845107079,
    0.06099425628781319,
    -0.3883923292160034,
    -0.6920341849327087
  ]
}