{
  "final_norm.scale": [
    4.912205219268799,
    4.29439115524292,
    4.297517776489258,
    4.8089165687561035,
    4.437168121337891,
    4.151560306549072,
    4.758427619934082,
    4.736571311950684,
    4.49333381652832,
    4.734417915344238,
    4.735104084014893,
    4.600985527038574
  ],
  "final_norm.shift": [
    0.11667856574058533,
    0.5231324434280396,
    -0.6380719542503357,
    0.04260885342955589,
    0.5170496702194214,
    -0.6414456367492676,
    0.8743442296981812,
    -0.18721140921115875,
    -0.5989206433296204,
    0.7050069570541382,
    0.6462252140045166,
    -0.43502628803253174
  ]
}