{
  "final_norm.scale": [
    3.1562232971191406,
    4.239668369293213,
    3.5040409564971924,
    4.258019924163818,
    2.579407215118408,
    3.6949942111968994,
    3.9328930377960205,
    4.262143135070801,
    3.6162607669830322,
    3.9915194511413574,
    4.181300640106201,
    2.5545411109924316
  ],
  "final_norm.shift": [
    -0.2612439692020416,
    0.18491432070732117,
    -0.5814388990402222,
    -0.34381458163261414,
    0.636435866355896,
    -0.04583175107836723,
    0.8780004978179932,
    0.4088549017906189,
    -0.23777475953102112,
    0.4941994249820709,
    0.2615435719490051,
    0.07421106100082397
  ]
}