{
  "final_norm.scale": [
    4.300857067108154,
    4.627635955810547,
    4.476459503173828,
    4.29340124130249,
    4.928445339202881,
    4.5509352684021,
    3.9800493717193604,
    4.312901973724365,
    4.656351089477539,
    3.7784159183502197,
    4.8377461433410645,
    4.451801776885986
  ],
  "final_norm.shift": [
    0.7392964959144592,
    0.03909357637166977,
    0.15763476490974426,
    -0.7865782380104065,
    0.4227142333984375,
    0.34159910678863525,
    1.2646021842956543,
    0.8532208204269409,
    0.43664658069610596,
    -0.7379143834114075,
    -0.5706130266189575,
    0.8673338294029236
  ]
}