{
  "final_norm.scale": [
    1.9804354906082153,
    2.030815601348877,
    2.293673515319824,
    2.3692495822906494,
    1.6273984909057617,
    1.2822576761245728,
    1.9877148866653442,
    2.209522008895874,
    1.9201582670211792,
    2.2084426879882812,
    2.1026437282562256,
    1.9746217727661133,
    2.2819418907165527,
    2.0087504386901855,
    2.091313600540161,
    2.3649368286132812,
    2.1047511100769043,
    2.2195982933044434,
    1.30160391330719,
    2.0576257705688477,
    1.8046988248825073,
    2.23918080329895,
    0.4094148278236389,
    1.9661027193069458
  ],
  "final_norm.shift": [
    -0.2547164261341095,
    0.0685824379324913,
    0.42427340149879456,
    -0.15543976426124573,
    0.5271973013877869,
    0.4066711962223053,
    0.1508835256099701,
    -0.08516223728656769,
    0.03152788430452347,
    0.4802265465259552,
    0.3208175003528595,
    0.4569491147994995,
    0.27961814403533936,
    0.03905864432454109,
    -0.04612762853503227,
    0.2231045365333557,
    0.5068567991256714,
    0.27666112780570984,
    0.138790100812912,
    0.34414881467819214,
    -0.051437992602586746,
    0.1671321839094162,
    0.5131680369377136,
    0.26758426427841187
  ]
}