{
  "final_norm.scale": [
    4.839859962463379,
    4.629658222198486,
    5.279952049255371,
    5.012343406677246,
    4.447851181030273,
    4.918547630310059,
    4.8821587562561035,
    4.7224273681640625,
    4.002464771270752,
    5.49053955078125,
    3.7188518047332764,
    5.005014896392822
  ],
  "final_norm.shift": [
    -0.6040980219841003,
    -1.241281270980835,
    1.2263811826705933,
    -0.5244432687759399,
    0.19840018451213837,
    -0.4915276765823364,
    0.32665207982063293,
    -0.19331154227256775,
    0.10399103909730911,
    -0.02876795455813408,
    0.6774213314056396,
    -0.9387310743331909
  ]
}