{
  "final_norm.scale": [
    1.2482733726501465,
    2.4599769115448,
    2.510875940322876,
    2.4024577140808105,
    2.4134843349456787,
    1.9615298509597778,
    1.9751392602920532,
    0.901317834854126,
    2.164555072784424,
    1.1602126359939575,
    2.0916175842285156,
    2.3554329872131348,
    2.6153008937835693,
    2.4177732467651367,
    2.42739200592041,
    2.577955961227417,
    2.5355031490325928,
    2.2872109413146973,
    2.616140842437744,
    1.1927874088287354,
    2.145702838897705,
    2.3903462886810303,
    1.7405064105987549,
    2.484732151031494
  ],
  "final_norm.shift": [
    0.21861617267131805,
    0.6087977886199951,
    -0.4666000008583069,
    0.034621644765138626,
    -0.25492262840270996,
    -0.5754247903823853,
    -0.18821313977241516,
    0.6907660961151123,
    -0.409895122051239,
    -0.548649251461029,
    0.24773244559764862,
    -0.11121262609958649,
    0.1618286669254303,
    0.24987386167049408,
    -0.17296215891838074,
    -0.1416040062904358,
    -0.13194729387760162,
    -0.560885488986969,
    -0.36956867575645447,
    -0.15035773813724518,
    0.11918911337852478,
    0.3337525427341461,
    -0.3968828618526459,
    -0.20591910183429718
  ]
}