{
  "final_norm.scale": [
    3.8483593463897705,
    3.359226703643799,
    3.2076451778411865,
    4.353005409240723,
    3.1314878463745117,
    3.939244031906128,
    3.977015495300293,
    2.97469162940979,
    3.9090583324432373,
    4.275962829589844,
    3.6095805168151855,
    3.85800838470459
  ],
  "final_norm.shift": [
    -0.639983057975769,
    -0.149934321641922,
    -0.7169672846794128,
    -0.6707341074943542,
    0.18269363045692444,
    0.555593729019165,
    0.12790797650814056,
    -1.3000810146331787,
    0.0965309590101242,
    -0.17371349036693573,
    -0.7438676953315735,
    -0.4355611801147461
  ]
}