{
  "final_norm.scale": [
    4.820797920227051,
    5.069880485534668,
    4.611392021179199,
    5.340052127838135,
    4.990317344665527,
    4.273756980895996,
    5.220080375671387,
    4.684168815612793,
    3.9218595027923584,
    4.622971057891846,
    4.670720100402832,
    3.7700014114379883
  ],
  "final_norm.shift": [
    0.5791895985603333,
    -0.21663470566272736,
    0.4573177397251129,
    0.883762538433075,
    -0.3742453455924988,
    -0.05000641569495201,
    0.5160919427871704,
    0.39855751395225525,
    1.0906667709350586,
    -0.9272744059562683,
    -1.7295162677764893,
    0.4437507390975952
  ]
}