{
  "final_norm.scale": [
    4.670414924621582,
    4.1023054122924805,
    4.227705001831055,
    4.561041831970215,
    4.663387298583984,
    4.68351936340332,
    4.249370574951172,
    4.6253581047058105,
    4.663240909576416,
    4.522876262664795,
    4.6787590980529785,
    4.126618385314941
  ],
  "final_norm.shift": [
    -0.9867250323295593,
    -1.0176187753677368,
    0.13408394157886505,
    -0.04935598373413086,
    -0.5236503481864929,
    -0.5531454086303711,
    0.17909657955169678,
    -0.041319526731967926,
    -0.9738194942474365,
    0.544558048248291,
    0.602928876876831,
    0.8318405151367188
  ]
}