{
  "final_norm.scale": [
    2.0794339179992676,
    2.5223939418792725,
    1.1848816871643066,
    2.030865430831909,
    2.4237425327301025,
    2.608018159866333,
    2.611475944519043,
    2.552534341812134,
    2.1435136795043945,
    2.4977948665618896,
    2.353468179702759,
    2.604539632797241,
    2.4512813091278076,
    2.7540698051452637,
    2.508441209793091,
    2.089508056640625,
    2.5276682376861572,
    1.885321021080017,
    1.8750686645507812,
    2.6510813236236572,
    2.3192505836486816,
    2.818746566772461,
    1.7835280895233154,
    2.765347719192505
  ],
  "final_norm.shift": [
    0.7623299360275269,
    0.5356754660606384,
    -0.17138980329036713,
    0.6519505381584167,
    0.08674890547990799,
    0.40048789978027344,
    -0.3671692907810211,
    0.007868108339607716,
    0.1357082724571228,
    0.18640638887882233,
    -0.026576243340969086,
    -0.43302643299102783,
    0.08714686334133148,
    0.5324971675872803,
    -0.08356363326311111,
    0.48686230182647705,
    -0.33579403162002563,
    0.3376401662826538,
    0.1856948584318161,
    0.315507173538208,
    -0.32793810963630676,
    -0.05113191902637482,
    0.7309246063232422,
    0.7073620557785034
  ]
}