{
  "final_norm.scale": [
    2.2856781482696533,
    2.095170259475708,
    2.5440828800201416,
    2.835089683532715,
    2.2832765579223633,
    2.8370347023010254,
    3.0895767211914062,
    1.999810814857483,
    2.950639009475708,
    2.8608286380767822,
    2.7272212505340576,
    2.9914722442626953,
    3.147888422012329,
    2.648918390274048,
    1.9997650384902954,
    2.759413957595825,
    1.968503713607788,
    2.3073132038116455,
    2.72653865814209,
    3.1366045475006104,
    2.2722291946411133,
    3.0043065547943115,
    3.0617504119873047,
    1.606564998626709
  ],
  "final_norm.shift": [
    -0.3465069532394409,
    -0.014540035277605057,
    -0.2711584270000458,
    0.04456073045730591,
    0.2855803668498993,
    0.1652468889951706,
    -0.4224235713481903,
    0.30445006489753723,
    -0.3189683258533478,
    -0.17729228734970093,
    -0.2862238585948944,
    0.10517041385173798,
    -0.4565145969390869,
    -0.1321917325258255,
    0.7711451053619385,
    0.4933164417743683,
    0.30476537346839905,
    0.7112400531768799,
    -0.08536962419748306,
    -0.18845807015895844,
    -0.028771160170435905,
    -0.16089767217636108,
    -0.12673351168632507,
    -0.17879873514175415
  ]
}