{
  "final_norm.scale": [
    2.8559820652008057,
    2.447927474975586,
    2.6255271434783936,
    2.6251773834228516,
    2.7703680992126465,
    2.273691415786743,
    2.5518198013305664,
    2.795728921890259,
    2.715442657470703,
    2.9510397911071777,
    2.5036978721618652,
    2.6750872135162354,
    1.7119590044021606,
    3.0214481353759766,
    2.1978673934936523,
    2.912560224533081,
    2.724966526031494,
    1.8840008974075317,
    2.542943000793457,
    2.894894599914551,
    2.4735331535339355,
    2.768627882003784,
    2.8014824390411377,
    1.590834379196167
  ],
  "final_norm.shift": [
    -0.04159795492887497,
    -0.21446584165096283,
    -0.04670782759785652,
    -0.2318858653306961,
    -0.2751910388469696,
    0.659138023853302,
    0.4850979447364807,
    0.37946322560310364,
    -0.04989095404744148,
    0.24803486466407776,
    0.5026561617851257,
    -0.25494858622550964,
    0.128428116440773,
    0.35694313049316406,
    0.11763392388820648,
    0.2757265567779541,
    0.12299036234617233,
    0.2529507577419281,
    -0.3391425311565399,
    -0.35932108759880066,
    0.37458086013793945,
    -0.21224550902843475,
    -0.0075792889110744,
    -0.1422254592180252
  ]
}