{
  "final_norm.scale": [
    1.4624003171920776,
    2.3634650707244873,
    2.5184531211853027,
    2.1193995475769043,
    2.163008213043213,
    2.162668228149414,
    1.9362281560897827,
    2.025947332382202,
    2.1891841888427734,
    1.4304134845733643,
    1.8414554595947266,
    2.31303071975708,
    2.046933174133301,
    2.1283817291259766,
    1.725780963897705,
    2.4125607013702393,
    2.327763795852661,
    2.2099926471710205,
    1.5048047304153442,
    2.553978681564331,
    0.8967850208282471,
    1.2004269361495972,
    2.186260461807251,
    2.1970884799957275
  ],
  "final_norm.shift": [
    0.0133084487169981,
    -0.19554755091667175,
    0.008769414387643337,
    -0.5308786034584045,
    -0.10067218542098999,
    0.10909979790449142,
    0.36075639724731445,
    -0.5743330717086792,
    -0.18089357018470764,
    0.31458061933517456,
    0.13189131021499634,
    -0.26628944277763367,
    0.2445441484451294,
    -0.21135520935058594,
    -0.24691596627235413,
    -0.02255103550851345,
    -0.455549418926239,
    -0.2491462230682373,
    0.04319066181778908,
    -0.12280116230249405,
    -0.047182597219944,
    -0.08201557397842407,
    -0.164597287774086,
    0.028121111914515495
  ]
}