{
  "final_norm.scale": [
    0.7946390509605408,
    1.774414300918579,
    2.088111639022827,
    2.026174545288086,
    2.1677322387695312,
    1.9120725393295288,
    2.0104563236236572,
    2.0421407222747803,
    1.1589289903640747,
    1.8593659400939941,
    2.3498282432556152,
    1.8830718994140625,
    1.4753813743591309,
    2.0218913555145264,
    2.4569954872131348,
    1.6603785753250122,
    1.7635536193847656,
    2.053109884262085,
    1.775692343711853,
    1.19668710231781,
    2.1344285011291504,
    2.084186553955078,
    2.264241933822632,
    2.2664263248443604
  ],
  "final_norm.shift": [
    0.4697367548942566,
    -0.10515352338552475,
    -0.5188463926315308,
    -0.017283745110034943,
    0.06418021023273468,
    -0.29849231243133545,
    -0.8725575804710388,
    -0.0914335697889328,
    -0.3811626136302948,
    -0.8479305505752563,
    -0.1688866764307022,
    -0.35194632411003113,
    -0.4928067624568939,
    -0.192982479929924,
    -0.4154239892959595,
    -0.33233052492141724,
    -0.19602639973163605,
    -0.4858366549015045,
    -0.44740235805511475,
    0.028852609917521477,
    -0.06354696303606033,
    -0.18029335141181946,
    -0.14954039454460144,
    -0.1756516546010971
  ]
}