{
  "final_norm.scale": [
    2.6043293476104736,
    2.817883253097534,
    2.551318407058716,
    2.613719940185547,
    2.8675079345703125,
    2.3369345664978027,
    2.6307265758514404,
    2.4580495357513428,
    2.894423007965088,
    2.3593523502349854,
    2.3673293590545654,
    2.420994520187378,
    2.7222139835357666,
    1.809906244277954,
    2.4489810466766357,
    2.8400447368621826,
    2.5090363025665283,
    3.0434656143188477,
    2.9001410007476807,
    2.6794016361236572,
    2.3590779304504395,
    2.964249610900879,
    2.6482245922088623,
    2.9105961322784424
  ],
  "final_norm.shift": [
    -0.2600741684436798,
    0.3906767964363098,
    0.4476175010204315,
    -0.4401451647281647,
    -0.027081875130534172,
    -0.45405107736587524,
    -0.0749482586979866,
    -0.17702046036720276,
    0.11972735077142715,
    -0.21385279297828674,
    -0.29016798734664917,
    0.40583816170692444,
    -0.146587535738945,
    0.0940961018204689,
    -0.13226962089538574,
    -0.10305425524711609,
    0.23430638015270233,
    0.1955702304840088,
    0.050677940249443054,
    -0.3773161470890045,
    0.024693036451935768,
    -0.1786792129278183,
    0.27625808119773865,
    0.1150505468249321
  ]
}