{
  "final_norm.scale": [
    4.750848770141602,
    4.657057762145996,
    4.4236063957214355,
    4.239277362823486,
    4.111611366271973,
    4.8324408531188965,
    4.973862648010254,
    4.1466264724731445,
    4.739068984985352,
    4.781463146209717,
    4.735662937164307,
    5.0714592933654785
  ],
  "final_norm.shift": [
    0.051231224089860916,
    0.036007776856422424,
    0.4608038067817688,
    -0.6230860352516174,
    -0.3516179621219635,
    -0.26393237709999084,
    0.443657785654068,
    -0.23967702686786652,
    0.3755042254924774,
    0.6066362261772156,
    0.4920715391635895,
    0.42632120847702026
  ]
}