{
  "final_norm.scale": [
    3.8936634063720703,
    3.378143310546875,
    4.090423107147217,
    4.094456672668457,
    2.4418601989746094,
    3.6347501277923584,
    4.1339216232299805,
    3.7144811153411865,
    4.604647636413574,
    4.035747051239014,
    4.489835739135742,
    4.483863353729248
  ],
  "final_norm.shift": [
    0.28993523120880127,
    0.08064340054988861,
    -0.6628373861312866,
    -0.27712759375572205,
    0.1837543249130249,
    0.5062952041625977,
    0.10046016424894333,
    -0.03844809904694557,
    -0.5189217925071716,
    -0.20222581923007965,
    -0.21178530156612396,
    0.045451901853084564
  ]
}