{
  "final_norm.scale": [
    1.6777493953704834,
    1.6777560710906982,
    2.5493528842926025,
    2.053779125213623,
    2.4014554023742676,
    2.343698740005493,
    2.275561809539795,
    1.1436541080474854,
    2.103943347930908,
    2.263176441192627,
    1.3979002237319946,
    2.5803446769714355,
    2.1259214878082275,
    2.575183629989624,
    2.500284433364868,
    2.8828284740448,
    2.225883722305298,
    2.6521494388580322,
    2.451707363128662,
    1.3381140232086182,
    2.7175450325012207,
    1.2069224119186401,
    2.50522780418396,
    2.2393815517425537
  ],
  "final_norm.shift": [
    -0.1126251220703125,
    0.0436568558216095,
    0.28943416476249695,
    -0.7827244997024536,
    -0.3822515308856964,
    0.7769169807434082,
    0.39323553442955017,
    -0.31950485706329346,
    0.43104565143585205,
    0.6968315839767456,
    0.8009372353553772,
    0.3416329026222229,
    0.3612675070762634,
    0.23785489797592163,
    0.12417241185903549,
    0.09565439820289612,
    -0.39045947790145874,
    0.04108963534235954,
    0.23512539267539978,
    -0.24084590375423431,
    0.3443904221057892,
    0.20330120623111725,
    -0.15111200511455536,
    0.21974198520183563
  ]
}