{
  "final_norm.scale": [
    3.8072049617767334,
    4.374367713928223,
    3.4951932430267334,
    3.8630764484405518,
    3.7074971199035645,
    3.9222681522369385,
    3.487025022506714,
    3.9251608848571777,
    3.5697827339172363,
    4.453047752380371,
    3.9510903358459473,
    4.474393367767334
  ],
  "final_norm.shift": [
    -0.3734935224056244,
    -0.9441131353378296,
    -0.47011035680770874,
    0.8478848934173584,
    0.08322099596261978,
    0.6567451357841492,
    0.9291580319404602,
    0.11297087371349335,
    0.18594390153884888,
    0.4882170259952545,
    0.08183062821626663,
    0.375500351190567
  ]
}