{
  "final_norm.scale": [
    2.7694077491760254,
    1.9892263412475586,
    2.67557692527771,
    2.34663987159729,
    2.217409610748291,
    2.698340892791748,
    2.242152452468872,
    2.4680397510528564,
    2.4795758724212646,
    2.211848735809326,
    2.4819140434265137,
    2.8109052181243896,
    2.7912790775299072,
    2.8419740200042725,
    2.0102696418762207,
    2.741694211959839,
    2.8447623252868652,
    2.7110049724578857,
    2.0284159183502197,
    2.6115829944610596,
    2.7046611309051514,
    2.4579029083251953,
    2.5454185009002686,
    2.7622039318084717
  ],
  "final_norm.shift": [
    0.30702072381973267,
    -0.06724636256694794,
    0.2577219009399414,
    -0.13045229017734528,
    -0.18902835249900818,
    -0.225823774933815,
    0.08282436430454254,
    -0.1555176079273224,
    0.2712259590625763,
    0.08109414577484131,
    0.26696789264678955,
    -0.3981263041496277,
    -0.1259477287530899,
    -0.3623409569263458,
    0.020745523273944855,
    0.19671697914600372,
    -0.30722323060035706,
    0.17932194471359253,
    -0.1013805940747261,
    0.13176153600215912,
    0.02188018150627613,
    -0.31230825185775757,
    0.5286313891410828,
    0.15981125831604004
  ]
}