{
  "final_norm.scale": [
    4.62477445602417,
    5.267284870147705,
    5.14678430557251,
    4.029873371124268,
    4.781575679779053,
    3.693899393081665,
    4.685180187225342,
    4.8416643142700195,
    4.5917816162109375,
    3.944410562515259,
    4.634206295013428,
    4.997934818267822
  ],
  "final_norm.shift": [
    -1.0457409620285034,
    -0.790215015411377,
    0.3653249144554138,
    -0.5877777338027954,
    -0.2568604350090027,
    -0.8222863674163818,
    -0.6536027193069458,
    0.17276768386363983,
    0.014618072658777237,
    -0.421236515045166,
    -1.1624246835708618,
    0.46395957469940186
  ]
}