{
  "final_norm.scale": [
    3.973371982574463,
    4.4051408767700195,
    5.01378870010376,
    4.529041290283203,
    4.25666618347168,
    4.452008247375488,
    5.275128364562988,
    4.333980560302734,
    5.060885429382324,
    5.137267112731934,
    5.006662368774414,
    4.885217189788818
  ],
  "final_norm.shift": [
    -0.47963300347328186,
    -0.7308389544487,
    0.30369624495506287,
    0.6160112619400024,
    -0.5101268887519836,
    0.7084540128707886,
    -0.31886157393455505,
    0.20856685936450958,
    -0.43913570046424866,
    0.3891335725784302,
    0.06495218724012375,
    0.2492387294769287
  ]
}