{
  "final_norm.scale": [
    3.7678534984588623,
    4.366616249084473,
    4.208897590637207,
    4.548473358154297,
    4.0082879066467285,
    4.184063911437988,
    4.411656856536865,
    3.687594413757324,
    3.14601993560791,
    3.938828468322754,
    4.125976085662842,
    4.888516426086426
  ],
  "final_norm.shift": [
    -0.22017262876033783,
    0.18732140958309174,
    -0.7883264422416687,
    -0.6588200330734253,
    -0.07936988025903702,
    -0.03582507371902466,
    -0.552118182182312,
    -0.9548959136009216,
    0.7045877575874329,
    0.09668663144111633,
    -0.5448216199874878,
    -0.38373205065727234
  ]
}