{
  "final_norm.scale": [
    2.5798890590667725,
    1.2696268558502197,
    2.37532377243042,
    2.372023344039917,
    2.227611780166626,
    1.2983168363571167,
    2.3897106647491455,
    2.4147307872772217,
    2.282186508178711,
    2.1136531829833984,
    2.3127200603485107,
    2.463534355163574,
    2.168917417526245,
    1.7328481674194336,
    2.5236976146698,
    2.3093912601470947,
    2.5907087326049805,
    2.15867280960083,
    2.2593233585357666,
    1.4883087873458862,
    2.327943801879883,
    2.371391534805298,
    2.008960247039795,
    1.4687139987945557
  ],
  "final_norm.shift": [
    0.5996421575546265,
    0.045823365449905396,
    0.02543572150170803,
    -0.26108118891716003,
    -0.22410674393177032,
    0.7685112357139587,
    0.5113360285758972,
    0.32187750935554504,
    0.6143341660499573,
    0.11374150961637497,
    0.3645044267177582,
    0.49967160820961,
    -0.22242331504821777,
    0.49794697761535645,
    -0.16103696823120117,
    0.19170869886875153,
    0.29018568992614746,
    -0.023128313943743706,
    -0.10745738446712494,
    0.5176753401756287,
    -0.05772171914577484,
    0.45712700486183167,
    -0.6092211008071899,
    0.23764827847480774
  ]
}