{
  "final_norm.scale": [
    5.250486850738525,
    4.447432041168213,
    5.138959884643555,
    4.628532409667969,
    4.896549224853516,
    5.1769022941589355,
    5.108389377593994,
    4.579113006591797,
    4.149868011474609,
    4.591832160949707,
    4.244365692138672,
    4.278337478637695
  ],
  "final_norm.shift": [
    0.30232223868370056,
    -1.083917260169983,
    0.339862585067749,
    0.7421970963478088,
    0.8541237711906433,
    0.1182740330696106,
    0.8993597030639648,
    -0.7709836959838867,
    -0.597802996635437,
    0.8744047284126282,
    -0.22339355945587158,
    -0.3963566720485687
  ]
}