{
  "final_norm.scale": [
    3.0172805786132812,
    2.9148731231689453,
    2.9859440326690674,
    2.977412462234497,
    2.900704860687256,
    2.40081787109375,
    2.6643898487091064,
    2.9095780849456787,
    2.1115124225616455,
    3.0696909427642822,
    2.544222354888916,
    2.8326098918914795,
    1.8259104490280151,
    3.246553421020508,
    3.00590443611145,
    2.40139102935791,
    2.888739585876465,
    2.8075013160705566,
    2.5396299362182617,
    2.8024816513061523,
    2.961965799331665,
    2.856355667114258,
    2.9897234439849854,
    2.431596517562866
  ],
  "final_norm.shift": [
    -0.3295440971851349,
    -0.03222823143005371,
    -0.14472949504852295,
    -0.6141077876091003,
    -0.03439334034919739,
    0.2725681662559509,
    -0.2396741509437561,
    0.40185439586639404,
    -0.14934320747852325,
    -0.11801270395517349,
    -0.5940077900886536,
    -0.2820335626602173,
    -0.1752944439649582,
    -0.31510046124458313,
    -0.4294665455818176,
    0.44926461577415466,
    -0.42670413851737976,
    0.340463787317276,
    -0.7562555074691772,
    -0.0283623319119215,
    -0.25869470834732056,
    0.3524033725261688,
    0.24842776358127594,
    -0.4075888991355896
  ]
}