{
  "final_norm.scale": [
    3.7625513076782227,
    4.207362174987793,
    3.9492757320404053,
    2.8904225826263428,
    4.297133445739746,
    4.100550174713135,
    3.170602321624756,
    3.6062419414520264,
    3.9677624702453613,
    4.365550518035889,
    4.63916540145874,
    4.507476329803467
  ],
  "final_norm.shift": [
    0.306069016456604,
    0.34048277139663696,
    0.3541191518306732,
    0.5815115571022034,
    0.0027358641382306814,
    -0.15673723816871643,
    0.008895205333828926,
    -0.43766188621520996,
    0.42343834042549133,
    -0.5889862179756165,
    0.241257905960083,
    0.4461909234523773
  ]
}