{
  "final_norm.scale": [
    3.806265115737915,
    4.321677207946777,
    3.897609233856201,
    3.9348363876342773,
    3.704050064086914,
    3.2041256427764893,
    3.8412678241729736,
    4.210987091064453,
    3.8292930126190186,
    4.064192295074463,
    3.562300443649292,
    4.220247268676758
  ],
  "final_norm.shift": [
    0.3752506673336029,
    -0.9291865229606628,
    0.297926127910614,
    -0.7995043992996216,
    -0.4788927137851715,
    0.13520757853984833,
    -0.8604878187179565,
    -0.9198570251464844,
    -0.9780176877975464,
    -0.48401767015457153,
    0.5348449945449829,
    0.11695562303066254
  ]
}