{
  "final_norm.scale": [
    2.9541425704956055,
    2.53910493850708,
    3.1005640029907227,
    2.475595712661743,
    2.082915782928467,
    2.8445844650268555,
    2.7975077629089355,
    2.9767353534698486,
    1.7133482694625854,
    2.765038251876831,
    3.0816237926483154,
    3.136600971221924,
    2.6090762615203857,
    3.049489974975586,
    3.0729730129241943,
    2.693161725997925,
    2.8949670791625977,
    2.9002649784088135,
    2.6692070960998535,
    2.8301947116851807,
    2.8467769622802734,
    2.9794065952301025,
    2.8871402740478516,
    3.070112705230713
  ],
  "final_norm.shift": [
    -0.3520921468734741,
    0.418828547000885,
    0.3760407567024231,
    0.5132535696029663,
    0.6919610500335693,
    -0.371965229511261,
    0.29046857357025146,
    0.5942603945732117,
    0.15655136108398438,
    -0.22905083000659943,
    -0.1400856077671051,
    -0.05042462795972824,
    0.047939106822013855,
    0.4228160083293915,
    0.12309194356203079,
    -0.40161511301994324,
    0.045743804425001144,
    -0.6009848713874817,
    0.015222654677927494,
    0.3937094211578369,
    0.499427855014801,
    -0.3956250250339508,
    -0.3118115961551666,
    -0.18400122225284576
  ]
}