{
  "final_norm.scale": [
    2.3359620571136475,
    2.5548534393310547,
    0.941072404384613,
    2.0922188758850098,
    2.0931711196899414,
    2.1871111392974854,
    2.4857771396636963,
    2.34818434715271,
    1.8372721672058105,
    1.5050384998321533,
    1.882036805152893,
    1.1241449117660522,
    1.7591880559921265,
    2.3568990230560303,
    1.1883467435836792,
    2.3250420093536377,
    2.430037021636963,
    1.8903590440750122,
    2.2920961380004883,
    2.3257932662963867,
    1.981210470199585,
    2.000040054321289,
    2.291104793548584,
    2.3517024517059326
  ],
  "final_norm.shift": [
    -0.1216341033577919,
    0.15860538184642792,
    0.14419686794281006,
    -0.16067372262477875,
    -0.40651071071624756,
    -0.011797159910202026,
    -0.25760507583618164,
    -0.19637197256088257,
    -0.00045148376375436783,
    -0.5900883674621582,
    0.11591900885105133,
    0.28758561611175537,
    -0.9814652800559998,
    -0.6422057151794434,
    -0.6633105278015137,
    -0.012615206651389599,
    -0.30026236176490784,
    0.5098348259925842,
    -0.10344534367322922,
    -0.49928709864616394,
    -0.3602409362792969,
    -0.22052083909511566,
    -0.16756007075309753,
    -0.08299069851636887
  ]
}