{
  "final_norm.scale": [
    2.729724168777466,
    2.923894166946411,
    3.179658889770508,
    2.9781460762023926,
    3.234457492828369,
    2.2531468868255615,
    3.0364019870758057,
    1.879567265510559,
    2.575469732284546,
    2.8326635360717773,
    2.9945998191833496,
    2.842167615890503,
    2.8980705738067627,
    2.5893430709838867,
    2.135258674621582,
    2.494792938232422,
    2.5114634037017822,
    2.777446985244751,
    3.040926218032837,
    2.3957080841064453,
    2.8717336654663086,
    2.885728597640991,
    2.843233585357666,
    2.3472397327423096
  ],
  "final_norm.shift": [
    -0.11869197338819504,
    -0.08627723902463913,
    0.11304472386837006,
    0.5535470843315125,
    -0.14448632299900055,
    0.02996848337352276,
    -0.10983256250619888,
    0.497477650642395,
    -0.06406300514936447,
    0.1657792180776596,
    0.6576470732688904,
    0.9102264046669006,
    -0.30079445242881775,
    0.43959879875183105,
    -0.4721788763999939,
    0.41834765672683716,
    -0.15483346581459045,
    -0.3324626088142395,
    0.28623175621032715,
    -0.28697070479393005,
    0.2492334395647049,
    0.6996501088142395,
    0.2852657437324524,
    -0.40479350090026855
  ]
}