{
  "final_norm.scale": [
    2.6267027854919434,
    2.845684051513672,
    2.5724265575408936,
    1.202418327331543,
    2.4122185707092285,
    2.3584675788879395,
    2.3855998516082764,
    2.2005255222320557,
    2.351095676422119,
    2.286478042602539,
    2.3521535396575928,
    2.2686264514923096,
    2.5985605716705322,
    2.7259111404418945,
    2.8299992084503174,
    2.6221837997436523,
    2.288264751434326,
    2.4962515830993652,
    2.378448247909546,
    2.757244825363159,
    2.220310688018799,
    1.5724581480026245,
    2.743469715118408,
    2.6452009677886963
  ],
  "final_norm.shift": [
    0.2411424219608307,
    -0.0847492516040802,
    0.2858225405216217,
    -0.06812432408332825,
    0.3987436890602112,
    -0.5919870734214783,
    0.6053476333618164,
    -0.5264217257499695,
    0.3239750862121582,
    0.826158344745636,
    -0.18749095499515533,
    0.5818275809288025,
    0.20715846121311188,
    0.29073482751846313,
    -0.48663330078125,
    0.24661943316459656,
    -0.19509197771549225,
    0.13407763838768005,
    0.05413789674639702,
    0.11950405687093735,
    0.5323656797409058,
    0.023345887660980225,
    -0.09294212609529495,
    0.22296833992004395
  ]
}