{
  "final_norm.scale": [
    2.3296079635620117,
    1.9291752576828003,
    2.6006314754486084,
    3.0017952919006348,
    2.770740270614624,
    2.8856544494628906,
    3.068927049636841,
    2.6199264526367188,
    3.225396156311035,
    3.1710212230682373,
    2.8159501552581787,
    2.660794258117676,
    2.672297477722168,
    2.6897995471954346,
    3.3365514278411865,
    2.3844211101531982,
    3.012519121170044,
    2.525357961654663,
    2.4039814472198486,
    3.368736505508423,
    2.4458093643188477,
    2.084155559539795,
    2.452580690383911,
    2.7221720218658447
  ],
  "final_norm.shift": [
    0.12051477283239365,
    0.09526089578866959,
    -0.5131900310516357,
    0.6017909049987793,
    0.7490791082382202,
    0.1335841417312622,
    -0.4864383339881897,
    0.22121641039848328,
    0.015060782432556152,
    0.40762266516685486,
    0.06733245402574539,
    -0.2768888771533966,
    -0.09865192323923111,
    -0.7719675302505493,
    -0.2828924059867859,
    -0.20024320483207703,
    -0.3504975438117981,
    -0.35427793860435486,
    -0.6810367703437805,
    -0.018799247220158577,
    -0.30266308784484863,
    0.49766969680786133,
    -0.5473060011863708,
    -0.19803573191165924
  ]
}