{
  "final_norm.scale": [
    3.3321897983551025,
    4.11093807220459,
    2.6355221271514893,
    2.400440216064453,
    3.6334893703460693,
    3.819762706756592,
    3.4719061851501465,
    3.947239398956299,
    3.416189670562744,
    3.37511944770813,
    3.643148899078369,
    3.864690065383911
  ],
  "final_norm.shift": [
    -1.2578182220458984,
    -0.8747305870056152,
    -1.5520658493041992,
    -0.7428579926490784,
    0.038418691605329514,
    -0.1419982761144638,
    -0.7432361245155334,
    -1.0229592323303223,
    -0.8773778080940247,
    -0.037357475608587265,
    -0.21701258420944214,
    -0.9625312089920044
  ]
}