{
  "final_norm.scale": [
    2.2714080810546875,
    2.4306421279907227,
    2.394453525543213,
    2.203667640686035,
    2.118109941482544,
    1.4796055555343628,
    2.4873158931732178,
    1.9897739887237549,
    2.655083179473877,
    2.2447962760925293,
    2.3747456073760986,
    2.405191659927368,
    2.3242383003234863,
    2.1411948204040527,
    2.407320737838745,
    2.3915178775787354,
    1.3468328714370728,
    2.384594678878784,
    2.0401599407196045,
    2.3760221004486084,
    2.1821494102478027,
    2.0905423164367676,
    0.7828812599182129,
    2.0089311599731445
  ],
  "final_norm.shift": [
    0.025722531601786613,
    0.9236909747123718,
    -0.013853360898792744,
    0.2974054217338562,
    0.3259345591068268,
    0.4434616267681122,
    0.2462775707244873,
    0.39669010043144226,
    -0.08267179876565933,
    0.16745594143867493,
    0.1670134961605072,
    -0.10705576837062836,
    -0.4821316599845886,
    0.003304788377135992,
    0.7226005792617798,
    0.15163493156433105,
    -0.40414002537727356,
    0.040838778018951416,
    0.7057667374610901,
    0.38972243666648865,
    0.6301605701446533,
    -0.000801707967184484,
    0.08132235705852509,
    -0.16228008270263672
  ]
}