{
  "final_norm.scale": [
    4.806497573852539,
    5.091160297393799,
    4.17100715637207,
    5.347903251647949,
    4.47922420501709,
    4.753591537475586,
    4.841792583465576,
    4.561502933502197,
    4.42979097366333,
    4.674130439758301,
    4.610716342926025,
    4.156872272491455
  ],
  "final_norm.shift": [
    -0.712652325630188,
    -0.1376737803220749,
    -0.1384047567844391,
    -0.8634769320487976,
    0.6770122051239014,
    -0.731131374835968,
    1.1078953742980957,
    1.359603762626648,
    -0.1728309541940689,
    -0.004264486953616142,
    0.897851288318634,
    0.8446154594421387
  ]
}