{
  "final_norm.scale": [
    2.1526994705200195,
    2.3767683506011963,
    1.963500738143921,
    2.143495798110962,
    1.8584246635437012,
    1.9481122493743896,
    1.8743329048156738,
    2.251328229904175,
    2.0274293422698975,
    1.9069650173187256,
    0.5831894874572754,
    1.0033754110336304,
    2.193467617034912,
    1.7891508340835571,
    1.908842921257019,
    2.2011375427246094,
    2.0592446327209473,
    1.7462941408157349,
    2.2229068279266357,
    2.1031432151794434,
    2.0892045497894287,
    2.1657989025115967,
    1.6955701112747192,
    1.6304349899291992
  ],
  "final_norm.shift": [
    -0.21243716776371002,
    -0.5371485352516174,
    -0.556523859500885,
    -0.3874594271183014,
    -0.17105069756507874,
    -0.432628333568573,
    -0.22640888392925262,
    -0.6980217099189758,
    -0.09639974683523178,
    -0.1550557166337967,
    -0.25730791687965393,
    -0.23807182908058167,
    -0.07130011171102524,
    -0.12959696352481842,
    -0.5436327457427979,
    -0.23336096107959747,
    -0.3282817304134369,
    -0.2729260325431824,
    -0.07380212098360062,
    -0.4191605746746063,
    -0.5494938492774963,
    -0.20059899985790253,
    -0.39597222208976746,
    -0.48075759410858154
  ]
}