{
  "final_norm.scale": [
    3.444225311279297,
    4.177252292633057,
    3.8260979652404785,
    4.73565673828125,
    3.534245014190674,
    4.206281661987305,
    3.909717321395874,
    3.5020689964294434,
    3.764417886734009,
    4.1602559089660645,
    4.703200817108154,
    4.20698356628418
  ],
  "final_norm.shift": [
    -0.5855203866958618,
    -0.7306859493255615,
    -0.42839866876602173,
    -0.25002163648605347,
    0.07714288681745529,
    0.021693559363484383,
    -0.7589468359947205,
    -0.08703997731208801,
    -0.43527740240097046,
    0.5117535591125488,
    -0.4147399663925171,
    -0.6075587868690491
  ]
}