{
  "final_norm.scale": [
    3.7257933616638184,
    5.049931526184082,
    4.043977737426758,
    3.1086795330047607,
    3.7991650104522705,
    3.8946311473846436,
    3.9784164428710938,
    4.64392614364624,
    3.213956356048584,
    4.3033447265625,
    3.670445680618286,
    3.873832941055298
  ],
  "final_norm.shift": [
    0.4999236762523651,
    0.13089634478092194,
    -0.037992361932992935,
    0.3724478483200073,
    0.6163367629051208,
    0.011246387846767902,
    -0.5212846398353577,
    -0.5081045627593994,
    0.14763319492340088,
    0.6675851941108704,
    0.31934767961502075,
    -0.30176660418510437
  ]
}