{
  "final_norm.scale": [
    3.610410690307617,
    4.625635623931885,
    4.15732479095459,
    4.255149841308594,
    2.074432849884033,
    3.9433484077453613,
    3.500260591506958,
    3.857043981552124,
    4.305102825164795,
    3.7051305770874023,
    4.423020362854004,
    3.3427844047546387
  ],
  "final_norm.shift": [
    0.2289283275604248,
    -0.3305016756057739,
    -0.7387849688529968,
    0.13932682573795319,
    0.4698597490787506,
    -0.6358444690704346,
    -0.5438112020492554,
    -1.1138935089111328,
    -0.31765660643577576,
    -0.38067784905433655,
    0.19463567435741425,
    -0.17781738936901093
  ]
}