{
  "final_norm.scale": [
    2.1322436332702637,
    0.7981566786766052,
    1.961670994758606,
    2.280608892440796,
    2.1721606254577637,
    1.503751516342163,
    2.002290964126587,
    1.710075855255127,
    1.8793318271636963,
    0.9553249478340149,
    1.978271245956421,
    2.0950305461883545,
    1.8625414371490479,
    1.7033421993255615,
    2.077820301055908,
    2.220078229904175,
    1.9907504320144653,
    1.0895217657089233,
    1.9263534545898438,
    1.5879818201065063,
    1.3752589225769043,
    1.5866161584854126,
    2.0438942909240723,
    1.9753596782684326
  ],
  "final_norm.shift": [
    0.2918285131454468,
    0.35514503717422485,
    -0.08301214873790741,
    0.2930666506290436,
    -0.07672541588544846,
    0.20806622505187988,
    -0.10137763619422913,
    -0.2867248058319092,
    -0.5768963098526001,
    -0.19356605410575867,
    -0.2647661864757538,
    -0.11213114857673645,
    0.0038971705362200737,
    0.17383413016796112,
    -0.35567882657051086,
    -0.3466315269470215,
    0.43293535709381104,
    0.02447131834924221,
    -0.41232815384864807,
    0.15276332199573517,
    -0.0807788223028183,
    -0.31420472264289856,
    -0.1355547159910202,
    -0.45670658349990845
  ]
}