{
  "final_norm.scale": [
    4.444098472595215,
    4.75800085067749,
    4.1387715339660645,
    4.106258869171143,
    4.255946159362793,
    4.384562969207764,
    3.522913694381714,
    3.0511674880981445,
    4.547428607940674,
    4.203793048858643,
    4.304689884185791,
    3.209341526031494
  ],
  "final_norm.shift": [
    -0.2366490513086319,
    0.46325913071632385,
    0.9360384345054626,
    -0.7443363666534424,
    -0.5794476270675659,
    -0.46093422174453735,
    0.5681689977645874,
    0.06314380466938019,
    0.28615307807922363,
    0.21423068642616272,
    -0.9267184138298035,
    0.9531950354576111
  ]
}