{
  "final_norm.scale": [
    4.131514072418213,
    3.6786375045776367,
    3.7901642322540283,
    3.7655258178710938,
    3.817774534225464,
    3.7086122035980225,
    3.5149941444396973,
    2.6852519512176514,
    4.007287502288818,
    3.8725688457489014,
    2.954094409942627,
    4.263040542602539
  ],
  "final_norm.shift": [
    -1.2605868577957153,
    0.8391936421394348,
    0.37004345655441284,
    -0.3646719753742218,
    0.047916997224092484,
    -0.24326302111148834,
    -0.8466530442237854,
    -0.6334287524223328,
    0.21166720986366272,
    -0.3357321321964264,
    -0.7511091828346252,
    0.3790155053138733
  ]
}