{
  "final_norm.scale": [
    2.711984395980835,
    2.7939352989196777,
    2.6299500465393066,
    2.2698938846588135,
    3.097899913787842,
    2.591203451156616,
    3.0034427642822266,
    2.7704052925109863,
    3.2940497398376465,
    3.0156123638153076,
    2.7590410709381104,
    3.1285815238952637,
    2.458862781524658,
    3.0002176761627197,
    2.707731008529663,
    2.660083293914795,
    2.540046215057373,
    2.7509982585906982,
    2.9369397163391113,
    2.6083788871765137,
    2.8318724632263184,
    2.800156831741333,
    2.7170937061309814,
    2.851900577545166
  ],
  "final_norm.shift": [
    0.46537718176841736,
    0.17548155784606934,
    0.05508032813668251,
    0.5118504762649536,
    -0.34148532152175903,
    -0.35111138224601746,
    -0.025131577625870705,
    0.34874045848846436,
    0.4481365382671356,
    -0.6776794791221619,
    0.490208238363266,
    -0.2303914576768875,
    -0.6048183441162109,
    0.4765467047691345,
    -0.387157678604126,
    0.11481563746929169,
    0.4654993712902069,
    0.3340461850166321,
    0.29815754294395447,
    -0.6818782091140747,
    -0.3137645125389099,
    -0.26595157384872437,
    -0.28311586380004883,
    0.33935976028442383
  ]
}