{
  "final_norm.scale": [
    2.1792829036712646,
    1.8725885152816772,
    1.981555461883545,
    0.472181111574173,
    2.0959761142730713,
    1.68513822555542,
    1.6310783624649048,
    1.9678171873092651,
    2.0681114196777344,
    2.0504868030548096,
    2.3737103939056396,
    2.1652257442474365,
    1.9617321491241455,
    1.9064562320709229,
    1.75021493434906,
    2.360167980194092,
    1.9955790042877197,
    2.1822025775909424,
    2.1049065589904785,
    2.1604669094085693,
    1.833799123764038,
    2.047067642211914,
    2.2391419410705566,
    2.0099287033081055
  ],
  "final_norm.shift": [
    0.3537793457508087,
    0.20774932205677032,
    0.6546614170074463,
    0.6730124950408936,
    0.09804623574018478,
    0.07292978465557098,
    0.3741622865200043,
    0.46625688672065735,
    -0.20218467712402344,
    -0.006802788469940424,
    0.1537570357322693,
    -0.0002074912190437317,
    0.2264634072780609,
    0.5759247541427612,
    0.42140573263168335,
    0.3754131495952606,
    0.2127881646156311,
    0.25966665148735046,
    0.2587357461452484,
    0.3244338929653168,
    0.08681456744670868,
    0.30160588026046753,
    0.018333742395043373,
    0.3321686089038849
  ]
}