{
  "final_norm.scale": [
    2.3396036624908447,
    2.1531105041503906,
    2.131505012512207,
    2.34683895111084,
    2.6496129035949707,
    3.143878221511841,
    2.460632085800171,
    2.465085029602051,
    2.7167043685913086,
    2.3132736682891846,
    2.788618803024292,
    2.916426658630371,
    2.4937055110931396,
    2.3134477138519287,
    2.597682476043701,
    3.1057307720184326,
    2.8325884342193604,
    2.449753999710083,
    2.9615378379821777,
    2.6861419677734375,
    1.8214714527130127,
    1.4543392658233643,
    2.569037675857544,
    1.110440731048584
  ],
  "final_norm.shift": [
    0.05426301434636116,
    -0.010941450484097004,
    -0.09530492126941681,
    -0.4064118564128876,
    -0.2356584519147873,
    0.18128809332847595,
    -0.4664211869239807,
    0.30650565028190613,
    -0.5754656791687012,
    -0.42612162232398987,
    -0.10806023329496384,
    -0.2634707987308502,
    0.2158082276582718,
    0.5956514477729797,
    -0.16072365641593933,
    0.016190387308597565,
    0.18556252121925354,
    -0.20301932096481323,
    0.09582290053367615,
    0.3541214168071747,
    -0.5558492541313171,
    0.2946125566959381,
    -0.1061248630285263,
    0.37132468819618225
  ]
}