{
  "final_norm.scale": [
    4.5337982177734375,
    3.664849281311035,
    3.538747787475586,
    3.880115270614624,
    4.2592549324035645,
    4.059919357299805,
    3.9384396076202393,
    3.9303536415100098,
    4.170539379119873,
    4.198598384857178,
    4.269739151000977,
    2.921757221221924
  ],
  "final_norm.shift": [
    -0.8609668612480164,
    -0.4496695101261139,
    -0.5819031596183777,
    0.685761034488678,
    -0.38540467619895935,
    0.5323696136474609,
    -0.8109847903251648,
    -0.0694379135966301,
    -1.2667338848114014,
    0.13187679648399353,
    -1.1698280572891235,
    -0.7497022151947021
  ]
}