{
  "final_norm.scale": [
    3.9051969051361084,
    4.0829877853393555,
    4.649116516113281,
    5.2440314292907715,
    4.841885566711426,
    5.32570219039917,
    5.554316997528076,
    4.585582256317139,
    4.1770782470703125,
    5.060375690460205,
    4.86654806137085,
    4.50634765625
  ],
  "final_norm.shift": [
    -0.5898013114929199,
    0.4643935263156891,
    -0.9226066470146179,
    0.4354722201824188,
    0.4455398917198181,
    1.189395546913147,
    -0.07582700252532959,
    -0.2812660038471222,
    1.0390650033950806,
    0.8665236234664917,
    -0.5242552161216736,
    0.6740741729736328
  ]
}