{
  "final_norm.scale": [
    2.8726470470428467,
    2.7622976303100586,
    2.625448226928711,
    2.6722984313964844,
    3.1860716342926025,
    2.9378976821899414,
    2.578735828399658,
    2.8796932697296143,
    2.582808256149292,
    2.7970523834228516,
    2.4478228092193604,
    3.0539467334747314,
    2.7735989093780518,
    3.0266354084014893,
    3.0516726970672607,
    2.828248977661133,
    2.448235034942627,
    2.3698534965515137,
    2.7573251724243164,
    2.831929922103882,
    2.5703184604644775,
    3.0060806274414062,
    2.9625208377838135,
    2.8969249725341797
  ],
  "final_norm.shift": [
    0.40736785531044006,
    0.2540518343448639,
    -0.6064098477363586,
    -0.3094889223575592,
    0.2727937400341034,
    -0.05424566566944122,
    -0.0177657101303339,
    -0.2955056130886078,
    -0.42674654722213745,
    -0.08360499143600464,
    -0.41826507449150085,
    -0.36336496472358704,
    0.5611315369606018,
    0.40331295132637024,
    -0.3813169300556183,
    0.3941200375556946,
    0.3224008083343506,
    -0.004231254570186138,
    0.334755003452301,
    -0.05771244689822197,
    -0.25364479422569275,
    0.05870464816689491,
    0.18232135474681854,
    0.19890852272510529
  ]
}