{
  "final_norm.scale": [
    4.914289951324463,
    4.846482276916504,
    5.481969833374023,
    2.8287041187286377,
    4.226269721984863,
    5.17115592956543,
    3.979851245880127,
    4.58287239074707,
    5.080150604248047,
    4.79005241394043,
    5.911348819732666,
    5.224590301513672
  ],
  "final_norm.shift": [
    -0.7381004691123962,
    0.028875211253762245,
    -0.4029499292373657,
    0.3767707049846649,
    0.012640145607292652,
    0.1359432339668274,
    0.3553779721260071,
    0.41110843420028687,
    -0.9244040250778198,
    0.2998756170272827,
    -0.569347083568573,
    0.13699837028980255
  ]
}