{
  "final_norm.scale": [
    3.8032121658325195,
    4.111374855041504,
    4.067000865936279,
    3.451209306716919,
    4.165104866027832,
    3.20766019821167,
    3.858330011367798,
    3.8149900436401367,
    3.082909107208252,
    4.36057186126709,
    3.128607749938965,
    3.1018142700195312
  ],
  "final_norm.shift": [
    0.6308974027633667,
    0.9470232725143433,
    -0.9572768807411194,
    0.10098067671060562,
    -0.48336413502693176,
    -0.471914678812027,
    -0.4921649992465973,
    0.4885398745536804,
    0.40496695041656494,
    0.2173503041267395,
    -0.09242604672908783,
    0.14497826993465424
  ]
}