{
  "final_norm.scale": [
    2.7556161880493164,
    2.2201128005981445,
    2.466916561126709,
    2.743497610092163,
    2.653715133666992,
    1.6427737474441528,
    2.395352840423584,
    2.432077169418335,
    2.8732211589813232,
    2.7900941371917725,
    2.3427510261535645,
    2.674499988555908,
    2.639543056488037,
    2.038414478302002,
    2.8742573261260986,
    2.8462138175964355,
    2.4107203483581543,
    2.723588705062866,
    2.640261173248291,
    2.7485246658325195,
    2.607689142227173,
    2.7125866413116455,
    2.8637757301330566,
    2.0867114067077637
  ],
  "final_norm.shift": [
    -0.06445325911045074,
    0.05539994314312935,
    0.2038961946964264,
    -0.16583681106567383,
    -0.31456127762794495,
    0.002341720275580883,
    -0.4895820915699005,
    -0.06793927401304245,
    -3.4754048101603985e-05,
    0.3305727243423462,
    0.27647507190704346,
    -0.09158608317375183,
    -0.18690264225006104,
    0.2414231151342392,
    -0.523655354976654,
    0.18539460003376007,
    -0.2781878411769867,
    -0.08110020309686661,
    0.33399826288223267,
    -0.27200308442115784,
    -0.1990150511264801,
    -0.2355334758758545,
    -0.21689951419830322,
    0.3921181261539459
  ]
}