{
  "final_norm.scale": [
    4.525055408477783,
    3.124403476715088,
    3.521759271621704,
    4.744688987731934,
    3.4860377311706543,
    3.4617834091186523,
    4.224610805511475,
    3.8067309856414795,
    4.567281246185303,
    3.667189359664917,
    3.5006484985351562,
    3.6244239807128906
  ],
  "final_norm.shift": [
    0.7707595825195312,
    0.6745240092277527,
    0.39847642183303833,
    0.06862306594848633,
    -0.6155338883399963,
    0.03994886949658394,
    -0.3666013777256012,
    -0.09698595851659775,
    -0.4863242506980896,
    -0.2588736414909363,
    1.2837218046188354,
    0.19503134489059448
  ]
}