{
  "final_norm.scale": [
    2.050797700881958,
    0.49518758058547974,
    1.966837763786316,
    2.4272022247314453,
    2.2013754844665527,
    1.8070716857910156,
    2.2001383304595947,
    2.313120126724243,
    2.189211845397949,
    2.221092939376831,
    2.0355372428894043,
    2.18031907081604,
    2.4456722736358643,
    2.331005096435547,
    2.5284178256988525,
    2.5701746940612793,
    1.5741831064224243,
    2.4368696212768555,
    2.651629686355591,
    2.4795544147491455,
    2.1713435649871826,
    1.1463959217071533,
    2.497251033782959,
    2.209261894226074
  ],
  "final_norm.shift": [
    -0.17423222959041595,
    0.333904504776001,
    -0.11351412534713745,
    0.1291169673204422,
    -0.306067556142807,
    -0.1662801057100296,
    -0.19255349040031433,
    -0.23860082030296326,
    -0.9080430865287781,
    -0.2925264537334442,
    0.031270235776901245,
    0.019559940323233604,
    -0.03446849435567856,
    0.0604330450296402,
    0.07988502085208893,
    0.030753707513213158,
    0.05264157056808472,
    -0.015065486542880535,
    -0.30940622091293335,
    -0.021916082128882408,
    -0.26268425583839417,
    0.12945114076137543,
    0.10427222400903702,
    -0.005241221748292446
  ]
}