{
  "final_norm.scale": [
    2.2088470458984375,
    2.375333070755005,
    2.0371475219726562,
    2.7293968200683594,
    2.9501757621765137,
    2.414297342300415,
    2.8622469902038574,
    3.0000765323638916,
    2.7057223320007324,
    2.7842230796813965,
    2.4964802265167236,
    2.090371608734131,
    2.809398889541626,
    3.061980724334717,
    2.893075704574585,
    2.7849788665771484,
    3.1235737800598145,
    1.8363096714019775,
    2.82224702835083,
    2.874687433242798,
    2.4282846450805664,
    2.7903859615325928,
    3.045051097869873,
    2.8990416526794434
  ],
  "final_norm.shift": [
    -0.4122568964958191,
    -0.2686888575553894,
    0.36197978258132935,
    -0.30236488580703735,
    -0.3701147139072418,
    -0.16787205636501312,
    0.4165947735309601,
    -0.51967453956604,
    0.24446307122707367,
    0.17102207243442535,
    0.6849265098571777,
    -0.8504499793052673,
    0.13816986978054047,
    -0.15842196345329285,
    -0.4611118733882904,
    -0.6603547930717468,
    -0.5348629951477051,
    -0.14891894161701202,
    -0.20704665780067444,
    0.5488694906234741,
    -0.333890825510025,
    -0.5118657350540161,
    -0.06193505972623825,
    0.5026551485061646
  ]
}