{
  "final_norm.scale": [
    3.2775015830993652,
    4.180445194244385,
    4.5495429039001465,
    3.5692367553710938,
    4.408587455749512,
    3.9718146324157715,
    4.476010322570801,
    3.9842770099639893,
    4.310722351074219,
    4.438787937164307,
    3.5239264965057373,
    4.422173976898193
  ],
  "final_norm.shift": [
    -0.3861059844493866,
    0.3430217504501343,
    -0.3204585313796997,
    -0.5914856195449829,
    0.03655946999788284,
    0.4032471179962158,
    -0.44273436069488525,
    -0.3273541033267975,
    0.34732359647750854,
    -0.042341604828834534,
    -0.46747663617134094,
    -0.14510785043239594
  ]
}