{
  "final_norm.scale": [
    3.814838409423828,
    2.9485201835632324,
    4.33043909072876,
    4.0946245193481445,
    4.064859867095947,
    3.3432250022888184,
    4.3824992179870605,
    3.9376866817474365,
    4.315473556518555,
    4.2559285163879395,
    3.9859938621520996,
    3.9777190685272217
  ],
  "final_norm.shift": [
    -0.885749340057373,
    -0.5136141180992126,
    -0.0252387672662735,
    -0.04371633380651474,
    -0.18318937718868256,
    0.5735405683517456,
    0.3462018668651581,
    -0.7267816662788391,
    -0.9518736600875854,
    -0.2757551670074463,
    0.2932440936565399,
    0.7361307740211487
  ]
}