{
  "final_norm.scale": [
    3.7410621643066406,
    4.0649638175964355,
    4.053772449493408,
    3.153674364089966,
    3.8481340408325195,
    3.889049530029297,
    4.144608020782471,
    2.1216681003570557,
    3.3919997215270996,
    3.50626277923584,
    3.473613977432251,
    3.646317720413208
  ],
  "final_norm.shift": [
    -0.23167018592357635,
    -0.055005572736263275,
    -0.6871604323387146,
    -0.2451675832271576,
    0.24704574048519135,
    0.5371081233024597,
    0.6741829514503479,
    -0.08109363913536072,
    -0.060103174299001694,
    0.562355101108551,
    0.7801162004470825,
    -0.2412089705467224
  ]
}