{
  "final_norm.scale": [
    2.272559642791748,
    2.2514398097991943,
    2.683009147644043,
    1.6730374097824097,
    2.935528039932251,
    2.370999336242676,
    2.419266700744629,
    2.2009618282318115,
    2.202190637588501,
    2.721200704574585,
    2.0397942066192627,
    2.399947166442871,
    2.467182159423828,
    1.482499361038208,
    2.550774574279785,
    2.407226800918579,
    2.708519458770752,
    2.2390029430389404,
    1.7043975591659546,
    1.569475531578064,
    2.0246665477752686,
    1.6777936220169067,
    2.380028009414673,
    2.3822569847106934
  ],
  "final_norm.shift": [
    -0.35907015204429626,
    -0.2208305299282074,
    0.33393171429634094,
    1.0625499486923218,
    0.23738323152065277,
    -0.14377151429653168,
    0.3686513304710388,
    0.16259518265724182,
    -0.00866759940981865,
    -0.46393802762031555,
    0.203262597322464,
    -0.10156611353158951,
    -0.1358361691236496,
    0.2858694791793823,
    -0.18746311962604523,
    0.12175362557172775,
    -0.2597287893295288,
    0.5760787725448608,
    -0.43556731939315796,
    0.4121132493019104,
    -0.042947474867105484,
    -0.6573510766029358,
    -0.6333063840866089,
    -0.07293142378330231
  ]
}