{
  "final_norm.scale": [
    3.616955518722534,
    2.3792483806610107,
    4.323407173156738,
    4.27626371383667,
    3.5302517414093018,
    3.028486490249634,
    4.164551734924316,
    3.891174554824829,
    4.122435092926025,
    3.882342576980591,
    3.8767800331115723,
    3.056365489959717
  ],
  "final_norm.shift": [
    0.3225279152393341,
    0.47549042105674744,
    -0.7542630434036255,
    0.8477570414543152,
    0.5255394577980042,
    0.5274008512496948,
    0.012749617919325829,
    0.8164368867874146,
    0.3058581054210663,
    -0.14293469488620758,
    0.48633474111557007,
    0.15076591074466705
  ]
}