{
  "final_norm.scale": [
    1.9902305603027344,
    1.9345821142196655,
    1.911507248878479,
    0.6223121285438538,
    1.9953951835632324,
    1.7451454401016235,
    1.6774582862854004,
    1.7745434045791626,
    2.0525059700012207,
    1.559598684310913,
    1.83866286277771,
    1.8114627599716187,
    2.314077615737915,
    1.9254041910171509,
    1.850932240486145,
    1.9965589046478271,
    2.3125903606414795,
    1.8159301280975342,
    1.871849775314331,
    1.6790351867675781,
    1.8291388750076294,
    2.135582208633423,
    1.9242866039276123,
    1.4735593795776367
  ],
  "final_norm.shift": [
    -0.36101406812667847,
    0.13553282618522644,
    -0.6485280990600586,
    -0.40597832202911377,
    -0.18180815875530243,
    -0.43981629610061646,
    -0.19764499366283417,
    -0.46004703640937805,
    -0.21787503361701965,
    -0.671777606010437,
    -0.42839115858078003,
    -0.29980236291885376,
    -0.1437402367591858,
    -0.3228870928287506,
    -0.49127280712127686,
    -0.16207005083560944,
    0.05398895964026451,
    -0.41114625334739685,
    -0.3206135332584381,
    -0.24145394563674927,
    -0.0036786748096346855,
    -0.16612455248832703,
    -0.18949180841445923,
    -0.08999381959438324
  ]
}