{
  "final_norm.scale": [
    2.214492082595825,
    2.3222668170928955,
    2.7993929386138916,
    2.1350886821746826,
    2.611483335494995,
    2.585577964782715,
    2.5430450439453125,
    2.2995188236236572,
    3.073012113571167,
    1.1744933128356934,
    2.570574998855591,
    2.5234200954437256,
    2.8414552211761475,
    2.7285091876983643,
    2.7501845359802246,
    2.7534542083740234,
    2.5937659740448,
    1.5233943462371826,
    2.7117762565612793,
    2.64422869682312,
    3.233096122741699,
    2.6666712760925293,
    3.142430305480957,
    2.341224193572998
  ],
  "final_norm.shift": [
    0.1908576935529709,
    0.06380059570074081,
    -0.4745960235595703,
    0.5162813067436218,
    -0.025370381772518158,
    0.7718212008476257,
    0.48687148094177246,
    0.8588976263999939,
    0.3648267090320587,
    -0.5045470595359802,
    -0.06769924610853195,
    0.5740950107574463,
    0.04226815700531006,
    -0.2690621614456177,
    0.2291744351387024,
    0.13404974341392517,
    -0.2711126506328583,
    0.41900208592414856,
    -0.5747777223587036,
    -0.0882696881890297,
    -0.11418060958385468,
    0.4557679295539856,
    0.5968625545501709,
    0.6193413734436035
  ]
}