{
  "final_norm.scale": [
    2.8469183444976807,
    4.460790157318115,
    3.646632194519043,
    4.721534729003906,
    4.53611946105957,
    4.3265252113342285,
    4.332566738128662,
    3.4218499660491943,
    2.979623794555664,
    3.873997449874878,
    3.318626880645752,
    4.151201248168945
  ],
  "final_norm.shift": [
    0.5779037475585938,
    -0.16477268934249878,
    0.5714463591575623,
    -0.27050575613975525,
    -0.8856879472732544,
    0.05315003916621208,
    0.18363608419895172,
    -0.46260228753089905,
    -0.4267020523548126,
    0.3688020706176758,
    -1.085646152496338,
    -0.17332199215888977
  ]
}