{
  "final_norm.scale": [
    3.176562786102295,
    4.423969745635986,
    4.585686206817627,
    3.6146962642669678,
    4.220231533050537,
    3.5727322101593018,
    2.4567043781280518,
    4.407809734344482,
    3.630194664001465,
    4.752967357635498,
    4.081026554107666,
    4.504995346069336
  ],
  "final_norm.shift": [
    -0.3974740207195282,
    -0.18018877506256104,
    -0.35294806957244873,
    0.283163845539093,
    0.0655759647488594,
    0.31062379479408264,
    -0.2986412048339844,
    0.723788857460022,
    0.24089346826076508,
    0.5884844064712524,
    0.5350650548934937,
    0.4055536091327667
  ]
}