{
  "final_norm.scale": [
    4.992281913757324,
    4.687995433807373,
    4.145099639892578,
    4.2144012451171875,
    4.247648239135742,
    4.577548027038574,
    4.543605804443359,
    4.1535797119140625,
    4.692624092102051,
    4.749645709991455,
    4.415363788604736,
    5.005910396575928
  ],
  "final_norm.shift": [
    -0.8039085865020752,
    -0.6128950715065002,
    -0.6382566094398499,
    0.879605770111084,
    0.7725028395652771,
    -0.786450207233429,
    0.3178057372570038,
    -0.6627705693244934,
    -0.9140998125076294,
    -0.4097622334957123,
    0.5259551405906677,
    0.07482771575450897
  ]
}