{
  "final_norm.scale": [
    2.8189117908477783,
    2.4695045948028564,
    2.887817621231079,
    1.5713809728622437,
    2.2278897762298584,
    2.3894433975219727,
    2.9826817512512207,
    3.1005332469940186,
    2.7550289630889893,
    2.773606300354004,
    2.9103591442108154,
    2.6076769828796387,
    2.5658910274505615,
    2.305232286453247,
    2.8489890098571777,
    1.9774686098098755,
    2.4678702354431152,
    2.480707883834839,
    2.321664333343506,
    2.8449273109436035,
    2.1541311740875244,
    2.5524702072143555,
    2.5613088607788086,
    2.311870813369751
  ],
  "final_norm.shift": [
    -0.18644259870052338,
    -0.5970377922058105,
    -0.020018640905618668,
    0.2518230080604553,
    -0.5266458988189697,
    -0.2000541090965271,
    0.2813588082790375,
    0.33679401874542236,
    0.36770638823509216,
    -0.1520041972398758,
    0.31379812955856323,
    -0.07033410668373108,
    0.2912076711654663,
    0.35771772265434265,
    0.1046295240521431,
    0.16998840868473053,
    -0.13318438827991486,
    -0.46828126907348633,
    0.4336687922477722,
    0.13571923971176147,
    -0.13110360503196716,
    0.10823535919189453,
    -0.03825202211737633,
    -0.5371473431587219
  ]
}