{
  "final_norm.scale": [
    5.099007606506348,
    5.366960048675537,
    3.8729541301727295,
    5.066001892089844,
    4.022979259490967,
    4.638301372528076,
    4.274144649505615,
    4.784235000610352,
    4.745606899261475,
    5.085400104522705,
    4.3873186111450195,
    5.031414985656738
  ],
  "final_norm.shift": [
    1.1403976678848267,
    -1.088891863822937,
    -0.7435905337333679,
    0.15671634674072266,
    0.7892473340034485,
    -0.0008021332323551178,
    1.2517064809799194,
    0.65794438123703,
    -0.5559085011482239,
    -0.18426720798015594,
    -0.06416099518537521,
    1.039833426475525
  ]
}