{
  "final_norm.scale": [
    2.5852715969085693,
    2.267472267150879,
    2.6342759132385254,
    3.1497645378112793,
    2.3775293827056885,
    2.9298620223999023,
    1.9157590866088867,
    3.0193111896514893,
    2.6671459674835205,
    2.0444555282592773,
    2.568328380584717,
    3.038553476333618,
    2.678603410720825,
    2.9802303314208984,
    3.1172752380371094,
    3.283884048461914,
    1.932953119277954,
    2.719877243041992,
    3.1085562705993652,
    2.6063196659088135,
    2.854404926300049,
    2.3721909523010254,
    2.34036922454834,
    2.7129337787628174
  ],
  "final_norm.shift": [
    -0.10853292793035507,
    0.26923903822898865,
    -0.3962227702140808,
    0.2044631987810135,
    -0.08540739864110947,
    -0.08330840617418289,
    0.2355150580406189,
    -0.12956902384757996,
    -0.22053885459899902,
    0.5058887600898743,
    0.2044481784105301,
    0.4115985929965973,
    -0.6816609501838684,
    0.6428379416465759,
    0.3447813093662262,
    0.1036377027630806,
    0.19005326926708221,
    -0.7211040258407593,
    -0.22821445763111115,
    0.49349328875541687,
    -0.2888992130756378,
    0.03260503336787224,
    -0.10585799813270569,
    0.007187526673078537
  ]
}