{
  "final_norm.scale": [
    2.8233449459075928,
    2.3953537940979004,
    2.3620734214782715,
    2.6197457313537598,
    2.6089208126068115,
    2.478463649749756,
    2.4520654678344727,
    2.420170307159424,
    2.8453423976898193,
    2.4635205268859863,
    2.299703598022461,
    2.0443789958953857,
    2.3585147857666016,
    2.1562774181365967,
    0.9278262257575989,
    2.040353536605835,
    2.7654435634613037,
    2.3403549194335938,
    2.6753220558166504,
    2.5097575187683105,
    2.203544855117798,
    2.203885793685913,
    2.7527246475219727,
    2.489466667175293
  ],
  "final_norm.shift": [
    -0.24487943947315216,
    0.2741793692111969,
    -0.7077288627624512,
    0.11189020425081253,
    -0.42887791991233826,
    -0.439877986907959,
    0.4270520806312561,
    0.19614338874816895,
    -0.027159830555319786,
    -0.5575632452964783,
    -0.21530622243881226,
    -0.5806896686553955,
    -0.4629961848258972,
    0.3934798240661621,
    0.019077511504292488,
    -0.3613208532333374,
    0.09768953174352646,
    -0.5940410494804382,
    -0.4147818684577942,
    0.07668231427669525,
    -0.30628305673599243,
    0.026989055797457695,
    -0.47950199246406555,
    -0.11713985353708267
  ]
}