{
  "final_norm.scale": [
    4.564596176147461,
    4.689035892486572,
    3.7007882595062256,
    4.181836128234863,
    4.414798736572266,
    5.517162799835205,
    5.301462173461914,
    5.365373134613037,
    4.432059288024902,
    4.883443832397461,
    4.417274475097656,
    3.8268160820007324
  ],
  "final_norm.shift": [
    0.6562066078186035,
    -0.4198707640171051,
    -0.8127107620239258,
    -0.20272059738636017,
    0.5403660535812378,
    0.39813730120658875,
    -0.4613749086856842,
    0.747757077217102,
    0.2231566458940506,
    0.603062093257904,
    0.6386234760284424,
    0.28782570362091064
  ]
}