{
  "final_norm.scale": [
    4.0212836265563965,
    4.711879253387451,
    4.612037658691406,
    4.474915504455566,
    4.696722030639648,
    4.62262487411499,
    4.227946758270264,
    4.714914798736572,
    4.649977684020996,
    4.368732929229736,
    4.531319618225098,
    4.289733409881592
  ],
  "final_norm.shift": [
    0.4860208332538605,
    -0.5964996218681335,
    0.46364352107048035,
    -0.2039840966463089,
    -0.32799962162971497,
    -0.3960789144039154,
    0.41612547636032104,
    -0.5148656964302063,
    0.23726031184196472,
    -0.6719357967376709,
    0.13130760192871094,
    -0.7075790166854858
  ]
}