{
  "final_norm.scale": [
    4.32914924621582,
    3.542794704437256,
    3.4001123905181885,
    3.639493227005005,
    4.577134132385254,
    4.126304626464844,
    3.556762933731079,
    3.7388947010040283,
    3.193699836730957,
    4.041446685791016,
    4.1770148277282715,
    3.78210186958313
  ],
  "final_norm.shift": [
    -0.3507217764854431,
    -0.7258340716362,
    0.3937911093235016,
    1.0746815204620361,
    0.1811518669128418,
    -0.6139956712722778,
    -0.74391770362854,
    -0.057812560349702835,
    0.7797176837921143,
    0.7163857221603394,
    -1.0249383449554443,
    0.07360352575778961
  ]
}