{
  "final_norm.scale": [
    3.06549334526062,
    2.553278923034668,
    3.0007615089416504,
    3.1577351093292236,
    2.6685678958892822,
    2.8445916175842285,
    2.740495204925537,
    3.1072239875793457,
    2.6837849617004395,
    2.8679542541503906,
    2.905571937561035,
    2.985386848449707,
    2.353257179260254,
    3.06020188331604,
    2.548253297805786,
    2.418544054031372,
    2.892996311187744,
    3.0341124534606934,
    1.4167265892028809,
    1.937459111213684,
    3.07806658744812,
    1.0854095220565796,
    2.8544821739196777,
    2.4643502235412598
  ],
  "final_norm.shift": [
    0.11117801815271378,
    -0.010277960449457169,
    0.4544006288051605,
    -0.13877347111701965,
    0.6306948661804199,
    -0.3702041506767273,
    0.12379717826843262,
    0.2845148742198944,
    -0.4924667179584503,
    -0.03691748529672623,
    0.3636297285556793,
    -0.00922356452792883,
    -0.4152129590511322,
    0.14715422689914703,
    -0.15643958747386932,
    0.6757737398147583,
    0.2889857590198517,
    -0.19697007536888123,
    0.010610941797494888,
    0.4204776883125305,
    -0.07754506170749664,
    0.2688244879245758,
    -0.3261125683784485,
    -0.5595563054084778
  ]
}