{
  "final_norm.scale": [
    2.936049222946167,
    2.781839370727539,
    2.9730372428894043,
    2.9133260250091553,
    2.6100125312805176,
    2.3482139110565186,
    2.903855323791504,
    2.8182871341705322,
    3.069831371307373,
    2.382636785507202,
    2.3201019763946533,
    2.7019786834716797,
    2.6270153522491455,
    2.202136993408203,
    2.611895799636841,
    2.541391134262085,
    2.733384370803833,
    2.44179630279541,
    2.5500147342681885,
    2.62542462348938,
    2.801204204559326,
    2.6774041652679443,
    2.263176441192627,
    2.2073633670806885
  ],
  "final_norm.shift": [
    0.21415433287620544,
    -0.27616995573043823,
    0.1691049039363861,
    -0.14899621903896332,
    0.16309799253940582,
    -0.14067652821540833,
    0.3804608881473541,
    0.5869945287704468,
    -0.3486682176589966,
    0.31240302324295044,
    0.6832021474838257,
    0.11584950983524323,
    -0.33600524067878723,
    -0.11526215076446533,
    0.20866432785987854,
    -0.42966076731681824,
    0.3607718050479889,
    -0.053917232900857925,
    0.06898203492164612,
    0.15011654794216156,
    0.039128366857767105,
    0.3942725658416748,
    -0.693632185459137,
    -0.25912684202194214
  ]
}