{
  "final_norm.scale": [
    2.8197474479675293,
    2.766134262084961,
    1.49721097946167,
    2.204270124435425,
    2.519639492034912,
    2.764845132827759,
    2.413663864135742,
    2.697791576385498,
    2.956094741821289,
    2.816974401473999,
    2.6259453296661377,
    2.530931234359741,
    2.649233102798462,
    2.4980945587158203,
    2.9104015827178955,
    2.199314594268799,
    2.576011896133423,
    2.514815330505371,
    2.514122247695923,
    2.8123936653137207,
    2.7769787311553955,
    3.183274745941162,
    2.916706085205078,
    2.4185502529144287
  ],
  "final_norm.shift": [
    0.13256795704364777,
    -0.11354176700115204,
    -0.07064389437437057,
    0.0412701815366745,
    0.17242832481861115,
    -0.07027758657932281,
    0.3488054573535919,
    0.3169415295124054,
    0.055205103009939194,
    -0.06904403120279312,
    0.04838239774107933,
    0.36350324749946594,
    0.3774930238723755,
    0.17068952322006226,
    0.1815231740474701,
    -0.48592594265937805,
    0.3139825463294983,
    -0.43081599473953247,
    -0.18301929533481598,
    0.13794304430484772,
    -0.05337504297494888,
    0.36617663502693176,
    -0.04392259567975998,
    0.42081910371780396
  ]
}