{
  "final_norm.scale": [
    3.9993948936462402,
    3.5391228199005127,
    3.9479968547821045,
    3.753962516784668,
    3.9513120651245117,
    3.4483165740966797,
    4.396836757659912,
    4.251917362213135,
    4.198838710784912,
    3.761021852493286,
    4.2195000648498535,
    3.5033936500549316
  ],
  "final_norm.shift": [
    -0.3830515146255493,
    0.5159790515899658,
    -1.2071503400802612,
    0.22470515966415405,
    -0.5118582248687744,
    -0.18775871396064758,
    0.7076733112335205,
    0.33812782168388367,
    -0.9654122591018677,
    -0.06776561588048935,
    -0.32437753677368164,
    -0.697497546672821
  ]
}