{
  "final_norm.scale": [
    3.094118356704712,
    2.636291742324829,
    1.4905685186386108,
    3.126826286315918,
    2.6608786582946777,
    2.77001690864563,
    2.407449960708618,
    3.0523641109466553,
    3.00597882270813,
    2.5702476501464844,
    2.9066662788391113,
    2.204815149307251,
    2.539149045944214,
    2.7418925762176514,
    2.3643434047698975,
    2.787980318069458,
    3.140892744064331,
    2.6329500675201416,
    1.5192729234695435,
    1.5099966526031494,
    3.0226047039031982,
    2.562542200088501,
    2.7343432903289795,
    2.621443748474121
  ],
  "final_norm.shift": [
    -0.18025285005569458,
    -0.001845985883846879,
    0.5531699657440186,
    0.33118999004364014,
    0.26036936044692993,
    -0.29712697863578796,
    0.1402783989906311,
    -0.3845815062522888,
    -0.02615242823958397,
    -0.5813907384872437,
    -0.2831817865371704,
    -0.027142582461237907,
    0.10398320108652115,
    -0.4086344540119171,
    -0.014056521467864513,
    -0.16518008708953857,
    -0.35098427534103394,
    0.2896063029766083,
    -0.235939621925354,
    0.26656821370124817,
    0.4784744083881378,
    0.38617080450057983,
    0.12238819152116776,
    0.33198630809783936
  ]
}