{
  "final_norm.scale": [
    4.974984169006348,
    4.5317840576171875,
    3.8033337593078613,
    4.145220756530762,
    4.83126974105835,
    4.298788070678711,
    4.670033931732178,
    4.672221660614014,
    4.343600749969482,
    4.410866737365723,
    4.986928462982178,
    4.604049205780029
  ],
  "final_norm.shift": [
    0.39224112033843994,
    -0.2869815528392792,
    -0.5543108582496643,
    0.8263247013092041,
    -0.4853479862213135,
    -0.6670889854431152,
    0.026319265365600586,
    -0.15393881499767303,
    -0.8777599930763245,
    0.353851854801178,
    0.3553999662399292,
    -0.6150845885276794
  ]
}