{
  "final_norm.scale": [
    4.229224681854248,
    4.016891956329346,
    4.194659233093262,
    4.0340375900268555,
    3.7050411701202393,
    2.427389144897461,
    4.8824639320373535,
    4.73202657699585,
    4.319375991821289,
    3.1230645179748535,
    4.053798198699951,
    2.8024346828460693
  ],
  "final_norm.shift": [
    0.10573454946279526,
    0.08798141777515411,
    0.35044682025909424,
    0.5333397388458252,
    -0.24888953566551208,
    0.11803992837667465,
    0.16749735176563263,
    0.17637449502944946,
    0.7442111372947693,
    1.529651403427124,
    0.5222406387329102,
    0.7454144954681396
  ]
}