{
  "final_norm.scale": [
    5.406626224517822,
    5.248630523681641,
    4.794036865234375,
    4.38502311706543,
    4.831456184387207,
    4.653355598449707,
    4.476411819458008,
    4.611710548400879,
    4.303483009338379,
    4.161966323852539,
    4.715107440948486,
    4.886481285095215
  ],
  "final_norm.shift": [
    -0.04149601608514786,
    -0.7193134427070618,
    0.7138686776161194,
    -0.2886193096637726,
    0.8067577481269836,
    0.5680564641952515,
    0.7076388001441956,
    0.2944188714027405,
    -0.874841034412384,
    1.3443882465362549,
    0.5071833729743958,
    -0.6780315637588501
  ]
}