{
  "final_norm.scale": [
    2.314377784729004,
    2.4392457008361816,
    2.4825797080993652,
    2.51033091545105,
    2.924678087234497,
    2.866546630859375,
    3.1368308067321777,
    2.945070266723633,
    3.0083954334259033,
    2.9030327796936035,
    2.9139111042022705,
    2.452746629714966,
    2.8182480335235596,
    2.790029525756836,
    2.5691606998443604,
    2.7419724464416504,
    2.551057815551758,
    3.102447271347046,
    2.930633068084717,
    2.7580161094665527,
    2.9547054767608643,
    2.9782228469848633,
    3.098048686981201,
    3.0806241035461426
  ],
  "final_norm.shift": [
    -0.3975817561149597,
    0.5049126148223877,
    -0.09701399505138397,
    0.5378567576408386,
    -0.34679150581359863,
    -0.3931856155395508,
    -0.09093844145536423,
    0.22334779798984528,
    -0.24871867895126343,
    -0.6470536589622498,
    0.24474628269672394,
    0.7823576927185059,
    -0.07431789487600327,
    -0.258276104927063,
    0.3542403280735016,
    -0.43842872977256775,
    0.30523791909217834,
    0.10889339447021484,
    -0.2647809386253357,
    0.5689127445220947,
    -0.07124790549278259,
    -0.09405713528394699,
    -0.61859130859375,
    -0.27531105279922485
  ]
}