{
  "final_norm.scale": [
    2.2096593379974365,
    1.9217973947525024,
    2.016251802444458,
    2.4740171432495117,
    2.4829044342041016,
    2.1491081714630127,
    1.9677622318267822,
    1.8766635656356812,
    1.5898972749710083,
    2.0788421630859375,
    2.2072508335113525,
    2.03082275390625,
    1.9458529949188232,
    2.20355224609375,
    1.2085899114608765,
    1.7244099378585815,
    2.464482545852661,
    2.238701820373535,
    0.9226828217506409,
    1.1977553367614746,
    2.3071987628936768,
    0.8052498698234558,
    1.0703141689300537,
    2.2837789058685303
  ],
  "final_norm.shift": [
    0.003594085108488798,
    0.2594081461429596,
    0.4125300347805023,
    0.24736729264259338,
    0.3281663954257965,
    -0.07857086509466171,
    -0.11394112557172775,
    0.40325504541397095,
    -0.5142292976379395,
    0.054625410586595535,
    0.06279026716947556,
    0.3061841130256653,
    -0.3325122892856598,
    0.47184181213378906,
    0.29831716418266296,
    -0.26277902722358704,
    -0.10342922061681747,
    0.5183908343315125,
    0.13187384605407715,
    0.319344699382782,
    0.27116045355796814,
    0.21584630012512207,
    0.4360072910785675,
    0.30968648195266724
  ]
}