{
  "final_norm.scale": [
    2.309699058532715,
    2.3766231536865234,
    2.6638543605804443,
    2.9688880443573,
    2.498924970626831,
    2.7365317344665527,
    2.2614781856536865,
    2.623873233795166,
    2.748744487762451,
    2.2186663150787354,
    2.7658851146698,
    2.8314332962036133,
    2.5475826263427734,
    2.3990418910980225,
    2.9614779949188232,
    2.388472080230713,
    1.1212323904037476,
    1.94413161277771,
    2.549879789352417,
    2.432971239089966,
    2.87788462638855,
    2.816565990447998,
    1.4278755187988281,
    2.3031389713287354
  ],
  "final_norm.shift": [
    -0.3200213611125946,
    -0.2803138494491577,
    0.544759213924408,
    -0.23250728845596313,
    -0.12583042681217194,
    0.12275929003953934,
    0.2720659077167511,
    0.2233891636133194,
    0.050831858068704605,
    0.15859824419021606,
    0.40791571140289307,
    0.1487226039171219,
    -0.3216782808303833,
    -0.24752216041088104,
    -0.11492013931274414,
    -0.5327218174934387,
    0.003911444917321205,
    0.019503355026245117,
    0.23331177234649658,
    -0.49780789017677307,
    -0.06618958711624146,
    -0.35716214776039124,
    -0.5854516625404358,
    0.3529779613018036
  ]
}