{
  "final_norm.scale": [
    4.622377872467041,
    4.604213714599609,
    4.6618547439575195,
    4.263005256652832,
    4.3946332931518555,
    4.124598979949951,
    4.101144313812256,
    5.077383518218994,
    4.893320560455322,
    4.709730625152588,
    4.417489051818848,
    5.087031364440918
  ],
  "final_norm.shift": [
    -0.47247013449668884,
    -0.5731334090232849,
    -0.5119056105613708,
    0.7194381356239319,
    -0.6436380743980408,
    0.3113678991794586,
    -0.46236810088157654,
    -0.43252769112586975,
    -0.4286530613899231,
    0.328517884016037,
    -0.4589539170265198,
    0.08665098249912262
  ]
}