{
  "final_norm.scale": [
    2.1682446002960205,
    2.287559747695923,
    1.7468913793563843,
    2.2716267108917236,
    1.9524797201156616,
    1.0989190340042114,
    2.1953890323638916,
    2.055131673812866,
    2.2477450370788574,
    2.3550517559051514,
    2.354027032852173,
    2.4792580604553223,
    2.216360092163086,
    1.1368159055709839,
    2.465867757797241,
    2.1965792179107666,
    2.434497356414795,
    2.565659761428833,
    1.8716293573379517,
    2.3094584941864014,
    1.2465271949768066,
    2.4618146419525146,
    0.8714430928230286,
    2.330596685409546
  ],
  "final_norm.shift": [
    0.5907277464866638,
    0.40971797704696655,
    0.3790088891983032,
    0.5077109932899475,
    -0.1611333191394806,
    -0.3756730556488037,
    -0.5167102217674255,
    0.3206089437007904,
    0.38876083493232727,
    0.10110913217067719,
    -0.03702570125460625,
    -0.25178372859954834,
    -0.30280864238739014,
    0.07843788713216782,
    0.48109573125839233,
    -0.220209002494812,
    -0.07803835719823837,
    0.24370889365673065,
    0.04145920276641846,
    0.298355370759964,
    0.7813601493835449,
    0.6418906450271606,
    0.6320993900299072,
    -0.2090155929327011
  ]
}