{
  "final_norm.scale": [
    4.777739524841309,
    5.016554355621338,
    5.6084184646606445,
    5.065441608428955,
    5.876704216003418,
    5.09589147567749,
    4.230626583099365,
    3.9191977977752686,
    4.645745754241943,
    4.877429485321045,
    4.924277305603027,
    3.449568510055542
  ],
  "final_norm.shift": [
    0.800575852394104,
    -0.4998876750469208,
    0.3800305724143982,
    0.4199235737323761,
    -0.0397675447165966,
    -0.28033506870269775,
    -0.35038501024246216,
    0.9039552807807922,
    0.34342989325523376,
    -0.21649615466594696,
    -0.893883228302002,
    0.45683130621910095
  ]
}