{
  "final_norm.scale": [
    4.792518615722656,
    4.100216865539551,
    5.1629157066345215,
    4.595211029052734,
    5.078159332275391,
    4.680142879486084,
    4.909102439880371,
    4.383236408233643,
    5.604241371154785,
    4.3265700340271,
    3.7525980472564697,
    5.326941013336182
  ],
  "final_norm.shift": [
    -0.08778643608093262,
    -0.11881201714277267,
    -0.059831805527210236,
    0.17008019983768463,
    0.24112047255039215,
    -0.4948842525482178,
    0.3184731900691986,
    0.33678174018859863,
    -0.1137528121471405,
    -0.6529903411865234,
    0.6177340745925903,
    -0.47155511379241943
  ]
}