{
  "final_norm.scale": [
    5.00880241394043,
    4.985178470611572,
    4.463631629943848,
    4.573643207550049,
    5.745303153991699,
    4.0576629638671875,
    3.912720203399658,
    5.146881580352783,
    4.568854808807373,
    4.767202377319336,
    4.681936740875244,
    4.288507461547852
  ],
  "final_norm.shift": [
    -0.7980210781097412,
    0.49989381432533264,
    -0.5690829753875732,
    -0.8041478395462036,
    0.07658976316452026,
    -0.45584142208099365,
    0.999023973941803,
    0.46595820784568787,
    0.11845888942480087,
    1.164671540260315,
    0.8706722855567932,
    0.6848317384719849
  ]
}