{
  "final_norm.scale": [
    2.7157130241394043,
    4.221235752105713,
    3.5702855587005615,
    2.662957191467285,
    4.220851421356201,
    3.369778633117676,
    3.4869985580444336,
    3.6670145988464355,
    4.316481590270996,
    4.246777534484863,
    3.2096757888793945,
    3.6766841411590576
  ],
  "final_norm.shift": [
    0.717811644077301,
    -0.26330846548080444,
    0.6487537622451782,
    0.27193403244018555,
    -0.3632027208805084,
    0.17313550412654877,
    -0.3229707181453705,
    0.2203049659729004,
    -0.12467418611049652,
    0.313935786485672,
    -0.7393955588340759,
    0.8825510740280151
  ]
}