{
  "final_norm.scale": [
    3.8380496501922607,
    4.725091934204102,
    4.617327690124512,
    4.9296464920043945,
    4.209603786468506,
    5.351217269897461,
    4.977986812591553,
    5.232854843139648,
    5.3149261474609375,
    4.963146209716797,
    3.61149001121521,
    4.5140061378479
  ],
  "final_norm.shift": [
    -0.5896295309066772,
    0.1372765153646469,
    0.6781702041625977,
    0.5304558277130127,
    0.3320023715496063,
    0.17043437063694,
    0.40745115280151367,
    0.7609298825263977,
    -0.46710094809532166,
    -0.06487195938825607,
    -0.16320842504501343,
    -0.23854759335517883
  ]
}