{
  "final_norm.scale": [
    2.6015443801879883,
    2.474933624267578,
    1.7518843412399292,
    2.5727171897888184,
    1.4474470615386963,
    2.6606976985931396,
    2.6274924278259277,
    2.506840229034424,
    2.168757915496826,
    2.61598801612854,
    2.408130168914795,
    2.752993583679199,
    2.06553316116333,
    1.729573369026184,
    2.285619020462036,
    2.490610361099243,
    2.5028324127197266,
    1.871924877166748,
    1.6195961236953735,
    2.13006591796875,
    2.420222043991089,
    2.734934091567993,
    2.098615884780884,
    2.597377061843872
  ],
  "final_norm.shift": [
    -0.3684685528278351,
    -0.5324369072914124,
    0.04056902974843979,
    0.047903791069984436,
    0.8048535585403442,
    -0.14595992863178253,
    0.5340656042098999,
    -0.5890876650810242,
    -0.6889907121658325,
    0.47763514518737793,
    0.2517787516117096,
    -0.027903232723474503,
    0.08276574313640594,
    0.3035004138946533,
    -0.4628506302833557,
    0.26313140988349915,
    0.2585413157939911,
    0.6649370193481445,
    -0.5465919375419617,
    -0.11078368127346039,
    0.06965721398591995,
    -0.30242568254470825,
    -0.7008911371231079,
    -0.05476396158337593
  ]
}