{
  "final_norm.scale": [
    3.541195869445801,
    3.952538251876831,
    4.1530537605285645,
    3.1485536098480225,
    4.544504642486572,
    3.1600964069366455,
    4.318552494049072,
    3.8972575664520264,
    3.757891893386841,
    4.037349700927734,
    2.7858517169952393,
    4.106500625610352
  ],
  "final_norm.shift": [
    -1.2550992965698242,
    0.2692326009273529,
    -0.7929415106773376,
    -0.9520039558410645,
    -0.6746510863304138,
    0.23959022760391235,
    -0.8231021165847778,
    0.15586771070957184,
    -0.7357772588729858,
    0.45815160870552063,
    -0.815443754196167,
    -1.0408591032028198
  ]
}