{
  "final_norm.scale": [
    2.2052977085113525,
    2.4093942642211914,
    2.0619945526123047,
    2.303995370864868,
    2.2999699115753174,
    2.4912149906158447,
    2.2751004695892334,
    1.8681001663208008,
    2.3670549392700195,
    0.896928071975708,
    1.860173225402832,
    1.6888625621795654,
    2.02695369720459,
    1.76171875,
    2.7926766872406006,
    2.265458106994629,
    1.9629476070404053,
    2.2385830879211426,
    2.182938575744629,
    1.13896644115448,
    2.45656156539917,
    1.26443612575531,
    1.6517430543899536,
    2.037473201751709
  ],
  "final_norm.shift": [
    0.025248222053050995,
    -0.019847113639116287,
    -0.38231146335601807,
    -0.5785620212554932,
    -0.18784254789352417,
    -0.5199728012084961,
    -0.3714013993740082,
    -0.4652422368526459,
    0.4024743139743805,
    -0.09993500262498856,
    0.4060102701187134,
    -0.15624447166919708,
    0.03244808316230774,
    0.10211285203695297,
    0.1316247284412384,
    -0.31190958619117737,
    0.24937960505485535,
    0.28653669357299805,
    0.03955845162272453,
    -0.0006188552360981703,
    -0.2554144263267517,
    0.26281610131263733,
    -0.9545989036560059,
    -0.5084859728813171
  ]
}