{
  "final_norm.scale": [
    3.9453797340393066,
    3.701544761657715,
    3.944674491882324,
    4.71392297744751,
    4.109067440032959,
    4.497209548950195,
    3.5402603149414062,
    4.198836326599121,
    4.340012550354004,
    3.872316360473633,
    3.6869311332702637,
    3.692608118057251
  ],
  "final_norm.shift": [
    0.1706933081150055,
    0.32917124032974243,
    0.07806805521249771,
    -0.6522614359855652,
    -0.4052606523036957,
    -0.17128100991249084,
    -0.015933401882648468,
    -0.25865116715431213,
    -0.3924124538898468,
    -0.05822594463825226,
    -1.0512616634368896,
    0.17655149102210999
  ]
}