{
  "final_norm.scale": [
    2.443696975708008,
    2.0346086025238037,
    2.5649571418762207,
    1.6998412609100342,
    1.1707148551940918,
    2.66860032081604,
    2.6004714965820312,
    2.128753185272217,
    2.141530990600586,
    2.412214517593384,
    2.5594382286071777,
    2.5314199924468994,
    2.3952901363372803,
    2.473214626312256,
    1.9644140005111694,
    2.7733986377716064,
    2.495925188064575,
    2.2272112369537354,
    2.438035726547241,
    2.634535312652588,
    1.5715652704238892,
    2.766887903213501,
    2.822384834289551,
    1.4709875583648682
  ],
  "final_norm.shift": [
    0.34518805146217346,
    0.2044135481119156,
    -0.21241801977157593,
    0.5201444625854492,
    -0.9889060258865356,
    -0.0794784426689148,
    0.19524569809436798,
    0.03575424477458,
    -0.18837738037109375,
    0.5730715394020081,
    -0.40762820839881897,
    0.23363137245178223,
    0.32219451665878296,
    0.1592453122138977,
    0.7005366086959839,
    0.04805351048707962,
    -0.12529781460762024,
    -0.14835770428180695,
    0.20589645206928253,
    -0.4694354236125946,
    0.03429939225316048,
    0.10973220318555832,
    0.8711620569229126,
    0.289826363325119
  ]
}