{
  "final_norm.scale": [
    2.2856638431549072,
    2.839668035507202,
    2.7322094440460205,
    2.9545981884002686,
    2.538238763809204,
    2.6312804222106934,
    2.5722317695617676,
    2.9341695308685303,
    2.424215316772461,
    2.443246603012085,
    2.0273964405059814,
    2.4472484588623047,
    2.641148805618286,
    1.9040864706039429,
    2.4824562072753906,
    1.6502537727355957,
    1.4173310995101929,
    2.7149887084960938,
    2.66679048538208,
    2.141043186187744,
    2.9345309734344482,
    2.633349895477295,
    2.647909164428711,
    1.5498168468475342
  ],
  "final_norm.shift": [
    0.37792718410491943,
    -0.2538851797580719,
    -0.4154992699623108,
    -0.14329440891742706,
    -0.5818442106246948,
    -0.48880037665367126,
    0.5848863124847412,
    -0.314252108335495,
    0.30568742752075195,
    -0.21041227877140045,
    0.7445379495620728,
    0.34159544110298157,
    0.04319865256547928,
    -0.16996285319328308,
    0.34059202671051025,
    0.3321845531463623,
    0.4321964681148529,
    0.19162467122077942,
    -0.0194131787866354,
    0.18953777849674225,
    0.12398024648427963,
    -0.442171573638916,
    -0.30569830536842346,
    0.13488754630088806
  ]
}