{
  "final_norm.scale": [
    4.111494064331055,
    4.659736633300781,
    4.575431823730469,
    4.4338507652282715,
    4.581421375274658,
    4.208181858062744,
    4.999624729156494,
    4.452326774597168,
    4.156497001647949,
    4.273752212524414,
    4.224225044250488,
    4.482758522033691
  ],
  "final_norm.shift": [
    0.0038029244169592857,
    0.5260472893714905,
    -0.1773291826248169,
    0.06711960583925247,
    0.46747758984565735,
    0.2554236948490143,
    -0.5509900450706482,
    0.05995095521211624,
    0.574978232383728,
    -0.5922046303749084,
    -0.3910576105117798,
    -0.5136505961418152
  ]
}