{
  "final_norm.scale": [
    2.6608262062072754,
    2.6784920692443848,
    3.2337794303894043,
    3.2953293323516846,
    2.933769941329956,
    2.7602059841156006,
    2.50616717338562,
    3.025883197784424,
    3.3144209384918213,
    2.3764257431030273,
    1.58446204662323,
    2.8580400943756104,
    2.692747116088867,
    2.016400098800659,
    2.6651055812835693,
    2.492769241333008,
    2.8687312602996826,
    2.295851707458496,
    3.0823378562927246,
    3.0321972370147705,
    2.890669107437134,
    2.789869546890259,
    2.5758094787597656,
    2.834416389465332
  ],
  "final_norm.shift": [
    0.09511972963809967,
    -0.5546475052833557,
    -0.4901285469532013,
    -0.4878142774105072,
    -0.2134947031736374,
    -0.05757607892155647,
    0.25013163685798645,
    -0.48337623476982117,
    -0.05033273249864578,
    -0.17457792162895203,
    -0.03627486899495125,
    -0.5849806666374207,
    -0.4716499149799347,
    0.24664206802845,
    0.05045319348573685,
    0.24041509628295898,
    -0.371625691652298,
    0.2783315181732178,
    -0.19259558618068695,
    -0.35441139340400696,
    0.32505449652671814,
    0.5228914022445679,
    -0.07500200718641281,
    -0.1946037858724594
  ]
}