{
  "final_norm.scale": [
    4.8895368576049805,
    4.827818393707275,
    4.8194403648376465,
    4.31484842300415,
    4.908529281616211,
    4.657928943634033,
    3.8651843070983887,
    5.5470781326293945,
    4.402733325958252,
    4.409892559051514,
    4.412716865539551,
    5.1010966300964355
  ],
  "final_norm.shift": [
    -0.715922474861145,
    -0.759425699710846,
    0.013748371042311192,
    -0.471488893032074,
    0.6664390563964844,
    -0.3722902834415436,
    1.152592658996582,
    -0.006842670496553183,
    0.7609333395957947,
    0.7526804208755493,
    -0.47540321946144104,
    0.44722673296928406
  ]
}