{
  "final_norm.scale": [
    4.415648460388184,
    4.828945636749268,
    4.949999809265137,
    5.203711032867432,
    5.173081398010254,
    4.785097122192383,
    4.028448581695557,
    4.532557487487793,
    4.736685276031494,
    4.7028608322143555,
    3.821065664291382,
    4.043865203857422
  ],
  "final_norm.shift": [
    -0.8174229264259338,
    -0.4225690960884094,
    0.2448701411485672,
    -0.29141825437545776,
    -0.2629759609699249,
    -0.21019205451011658,
    -0.6417053937911987,
    -0.6258159279823303,
    0.8503691554069519,
    -0.7747676968574524,
    0.8627831935882568,
    0.66344153881073
  ]
}