{
  "final_norm.scale": [
    4.828907489776611,
    4.370131492614746,
    5.1665778160095215,
    5.093652725219727,
    4.794218063354492,
    4.492861270904541,
    4.222774982452393,
    3.9114062786102295,
    4.7329230308532715,
    4.581297397613525,
    4.86937141418457,
    5.09492826461792
  ],
  "final_norm.shift": [
    -0.5384710431098938,
    0.8733056783676147,
    -0.4525323212146759,
    0.30381670594215393,
    -0.6955050826072693,
    0.49706992506980896,
    0.6158002614974976,
    1.562792420387268,
    0.8132660984992981,
    -0.07060706615447998,
    -0.12497180700302124,
    0.6108648777008057
  ]
}