{
  "final_norm.scale": [
    1.9805210828781128,
    2.27701473236084,
    1.9854615926742554,
    2.161801815032959,
    0.8587585091590881,
    2.195769786834717,
    2.4715490341186523,
    2.1034746170043945,
    2.380476236343384,
    2.531647205352783,
    2.224597692489624,
    2.1967835426330566,
    2.4774863719940186,
    1.43722403049469,
    2.6010053157806396,
    2.2945895195007324,
    1.763310432434082,
    2.6228883266448975,
    2.3023836612701416,
    2.3184194564819336,
    2.526177167892456,
    2.0163192749023438,
    2.727349042892456,
    2.4149250984191895
  ],
  "final_norm.shift": [
    0.48347458243370056,
    -0.14303681254386902,
    -0.13681769371032715,
    -0.30386531352996826,
    0.31881293654441833,
    0.7005944848060608,
    0.706829845905304,
    -0.3065452575683594,
    0.23914942145347595,
    0.006940486840903759,
    0.5508903861045837,
    0.03495160490274429,
    0.5015679001808167,
    0.5714564323425293,
    -0.15139277279376984,
    0.5165886282920837,
    0.3212551474571228,
    -0.3922650218009949,
    -0.19690518081188202,
    0.10415299236774445,
    0.03536898270249367,
    -0.22475019097328186,
    0.03264687582850456,
    -0.2302730232477188
  ]
}